name,date,market
Bitcoin,2013w17,1500520000.0
Bitcoin,2013w18,1491160000.0
Bitcoin,2013w19,1289470000.0
Bitcoin,2013w20,1279980000.0
Bitcoin,2013w21,1368910000.0
Bitcoin,2013w22,1495520000.0
Bitcoin,2013w23,1376180000.0
Bitcoin,2013w24,1131570000.0
Bitcoin,2013w25,1128720000.0
Bitcoin,2013w26,1222030000.0
Bitcoin,2013w27,1107130000.0
Bitcoin,2013w28,870912000.0
Bitcoin,2013w29,1068520000.0
Bitcoin,2013w30,1053000000.0
Bitcoin,2013w31,1131340000.0
Bitcoin,2013w32,1209520000.0
Bitcoin,2013w33,1211790000.0
Bitcoin,2013w34,1312160000.0
Bitcoin,2013w35,1417200000.0
Bitcoin,2013w36,1613600000.0
Bitcoin,2013w37,1422180000.0
Bitcoin,2013w38,1531820000.0
Bitcoin,2013w39,1513940000.0
Bitcoin,2013w40,1614350000.0
Bitcoin,2013w41,1527760000.0
Bitcoin,2013w42,1648470000.0
Bitcoin,2013w43,2075580000.0
Bitcoin,2013w44,2337100000.0
Bitcoin,2013w45,2564070000.0
Bitcoin,2013w46,3896130000.0
Bitcoin,2013w47,5961500000.0
Bitcoin,2013w48,9302270000.0
Bitcoin,2013w49,11478300000.0
Bitcoin,2013w50,9602480000.0
Bitcoin,2013w51,10676600000.0
Bitcoin,2013w52,7455670000.0
Bitcoin,2014w01,9037000000.0
Bitcoin,2014w02,11410400000.0
Bitcoin,2014w03,10541500000.0
Bitcoin,2014w04,10704800000.0
Bitcoin,2014w05,10894400000.0
Bitcoin,2014w06,10174100000.0
Bitcoin,2014w07,8431680000.0
Bitcoin,2014w08,7620580000.0
Bitcoin,2014w09,7537080000.0
Bitcoin,2014w10,7013060000.0
Bitcoin,2014w11,7950820000.0
Bitcoin,2014w12,7901040000.0
Bitcoin,2014w13,7061380000.0
Bitcoin,2014w14,5816910000.0
Bitcoin,2014w15,5821160000.0
Bitcoin,2014w16,5244350000.0
Bitcoin,2014w17,6307460000.0
Bitcoin,2014w18,5470650000.0
Bitcoin,2014w19,5534140000.0
Bitcoin,2014w20,5591520000.0
Bitcoin,2014w21,5703760000.0
Bitcoin,2014w22,7322870000.0
Bitcoin,2014w23,8086630000.0
Bitcoin,2014w24,8439070000.0
Bitcoin,2014w25,7645650000.0
Bitcoin,2014w26,7787160000.0
Bitcoin,2014w27,7812050000.0
Bitcoin,2014w28,8253710000.0
Bitcoin,2014w29,8155140000.0
Bitcoin,2014w30,8138520000.0
Bitcoin,2014w31,7765040000.0
Bitcoin,2014w32,7677850000.0
Bitcoin,2014w33,7760290000.0
Bitcoin,2014w34,6465210000.0
Bitcoin,2014w35,6700090000.0
Bitcoin,2014w36,6313120000.0
Bitcoin,2014w37,6379410000.0
Bitcoin,2014w38,6339090000.0
Bitcoin,2014w39,5307360000.0
Bitcoin,2014w40,5022360000.0
Bitcoin,2014w41,4277430000.0
Bitcoin,2014w42,5055290000.0
Bitcoin,2014w43,5216560000.0
Bitcoin,2014w44,4764020000.0
Bitcoin,2014w45,4380950000.0
Bitcoin,2014w46,4884490000.0
Bitcoin,2014w47,5246000000.0
Bitcoin,2014w48,4966080000.0
Bitcoin,2014w49,5128700000.0
Bitcoin,2014w50,5093180000.0
Bitcoin,2014w51,4781560000.0
Bitcoin,2014w52,4376890000.0
Bitcoin,2015w01,4380820000.0
Bitcoin,2015w02,3628490000.0
Bitcoin,2015w03,3649970000.0
Bitcoin,2015w04,2905410000.0
Bitcoin,2015w05,3496650000.0
Bitcoin,2015w06,3123010000.0
Bitcoin,2015w07,3086220000.0
Bitcoin,2015w08,3250240000.0
Bitcoin,2015w09,3272880000.0
Bitcoin,2015w10,3617340000.0
Bitcoin,2015w11,3825250000.0
Bitcoin,2015w12,3983760000.0
Bitcoin,2015w13,3742290000.0
Bitcoin,2015w14,3399510000.0
Bitcoin,2015w15,3655990000.0
Bitcoin,2015w16,3314280000.0
Bitcoin,2015w17,3132400000.0
Bitcoin,2015w18,3093200000.0
Bitcoin,2015w19,3394130000.0
Bitcoin,2015w20,3399290000.0
Bitcoin,2015w21,3357380000.0
Bitcoin,2015w22,3420480000.0
Bitcoin,2015w23,3274370000.0
Bitcoin,2015w24,3175520000.0
Bitcoin,2015w25,3331930000.0
Bitcoin,2015w26,3488460000.0
Bitcoin,2015w27,3562790000.0
Bitcoin,2015w28,3890430000.0
Bitcoin,2015w29,4468540000.0
Bitcoin,2015w30,3938930000.0
Bitcoin,2015w31,4222210000.0
Bitcoin,2015w32,4087610000.0
Bitcoin,2015w33,3843850000.0
Bitcoin,2015w34,3749260000.0
Bitcoin,2015w35,3314640000.0
Bitcoin,2015w36,3335220000.0
Bitcoin,2015w37,3499120000.0
Bitcoin,2015w38,3369190000.0
Bitcoin,2015w39,3383840000.0
Bitcoin,2015w40,3413630000.0
Bitcoin,2015w41,3497740000.0
Bitcoin,2015w42,3632110000.0
Bitcoin,2015w43,3859270000.0
Bitcoin,2015w44,4187410000.0
Bitcoin,2015w45,4820850000.0
Bitcoin,2015w46,5546240000.0
Bitcoin,2015w47,4746070000.0
Bitcoin,2015w48,4823700000.0
Bitcoin,2015w49,5534000000.0
Bitcoin,2015w50,5821140000.0
Bitcoin,2015w51,6480070000.0
Bitcoin,2015w52,6636280000.0
Bitcoin,2016w01,6468180000.0
Bitcoin,2016w02,6761090000.0
Bitcoin,2016w03,5761940000.0
Bitcoin,2016w04,6083900000.0
Bitcoin,2016w05,5596090000.0
Bitcoin,2016w06,5720100000.0
Bitcoin,2016w07,6199850000.0
Bitcoin,2016w08,6689200000.0
Bitcoin,2016w09,6614980000.0
Bitcoin,2016w10,6233430000.0
Bitcoin,2016w11,6342780000.0
Bitcoin,2016w12,6341380000.0
Bitcoin,2016w13,6553700000.0
Bitcoin,2016w14,6483910000.0
Bitcoin,2016w15,6504290000.0
Bitcoin,2016w16,6604150000.0
Bitcoin,2016w17,7102490000.0
Bitcoin,2016w18,7002610000.0
Bitcoin,2016w19,7112510000.0
Bitcoin,2016w20,7114740000.0
Bitcoin,2016w21,6842470000.0
Bitcoin,2016w22,8243960000.0
Bitcoin,2016w23,8977700000.0
Bitcoin,2016w24,10511900000.0
Bitcoin,2016w25,11976700000.0
Bitcoin,2016w26,9882840000.0
Bitcoin,2016w27,10362700000.0
Bitcoin,2016w28,10215200000.0
Bitcoin,2016w29,10716800000.0
Bitcoin,2016w30,10431900000.0
Bitcoin,2016w31,9860620000.0
Bitcoin,2016w32,9365440000.0
Bitcoin,2016w33,9021180000.0
Bitcoin,2016w34,9199410000.0
Bitcoin,2016w35,9091830000.0
Bitcoin,2016w36,9652490000.0
Bitcoin,2016w37,9628560000.0
Bitcoin,2016w38,9681960000.0
Bitcoin,2016w39,9545830000.0
Bitcoin,2016w40,9714980000.0
Bitcoin,2016w41,9816270000.0
Bitcoin,2016w42,10221300000.0
Bitcoin,2016w43,10473500000.0
Bitcoin,2016w44,11207200000.0
Bitcoin,2016w45,11344800000.0
Bitcoin,2016w46,11214600000.0
Bitcoin,2016w47,11698900000.0
Bitcoin,2016w48,11727800000.0
Bitcoin,2016w49,12393100000.0
Bitcoin,2016w50,12349800000.0
Bitcoin,2016w51,12691100000.0
Bitcoin,2016w52,14407800000.0
Bitcoin,2017w01,15491200000.0
Bitcoin,2017w01,16055100000.0
Bitcoin,2017w02,14694900000.0
Bitcoin,2017w03,13234600000.0
Bitcoin,2017w04,14918800000.0
Bitcoin,2017w05,14844900000.0
Bitcoin,2017w06,16605400000.0
Bitcoin,2017w07,16141500000.0
Bitcoin,2017w08,16960200000.0
Bitcoin,2017w09,18837300000.0
Bitcoin,2017w10,20531900000.0
Bitcoin,2017w11,19807700000.0
Bitcoin,2017w12,16829800000.0
Bitcoin,2017w13,15785000000.0
Bitcoin,2017w14,17924600000.0
Bitcoin,2017w15,19311200000.0
Bitcoin,2017w16,19260500000.0
Bitcoin,2017w17,19705400000.0
Bitcoin,2017w18,21981800000.0
Bitcoin,2017w19,26056500000.0
Bitcoin,2017w20,29532600000.0
Bitcoin,2017w21,33393600000.0
Bitcoin,2017w22,35323500000.0
Bitcoin,2017w23,41133900000.0
Bitcoin,2017w24,48391200000.0
Bitcoin,2017w25,41800600000.0
Bitcoin,2017w26,42514000000.0
Bitcoin,2017w27,41037200000.0
Bitcoin,2017w28,41509000000.0
Bitcoin,2017w29,31795000000.0
Bitcoin,2017w30,44995600000.0
Bitcoin,2017w31,45535800000.0
Bitcoin,2017w32,52987300000.0
Bitcoin,2017w33,67112300000.0
Bitcoin,2017w34,67567100000.0
Bitcoin,2017w35,72467900000.0
Bitcoin,2017w36,75955500000.0
Bitcoin,2017w37,68256000000.0
Bitcoin,2017w38,59514100000.0
Bitcoin,2017w39,61061100000.0
Bitcoin,2017w40,72963200000.0
Bitcoin,2017w41,76656500000.0
Bitcoin,2017w42,94559000000.0
Bitcoin,2017w43,99941600000.0
Bitcoin,2017w44,101833000000.0
Bitcoin,2017w45,123379000000.0
Bitcoin,2017w46,99029000000.0
Bitcoin,2017w47,134167000000.0
Bitcoin,2017w48,156221000000.0
Bitcoin,2017w49,189172000000.0
Bitcoin,2017w50,258147000000.0
Bitcoin,2017w51,320000000000.0
Bitcoin,2018w01,236725000000.0
Bitcoin,2018w02,276612000000.0
Bitcoin,2018w03,231334000000.0
Bitcoin,2018w04,195645000000.0
Bitcoin,2018w05,197871000000.0
Bitcoin,2018w06,139325000000.0
Bitcoin,2018w07,137258000000.0
Bitcoin,2018w08,178055000000.0
Bitcoin,2018w09,163283000000.0
Bitcoin,2018w10,194903000000.0
Bitcoin,2018w11,162421000000.0
Bitcoin,2018w12,141240000000.0
Bitcoin,2018w13,143960000000.0
Bitcoin,2018w14,116037000000.0
Bitcoin,2018w15,119516000000.0
Bitcoin,2018w16,141571000000.0
Bitcoin,2018w17,149448000000.0
Bitcoin,2018w18,160302000000.0
Bitcoin,2018w19,164161000000.0
Bitcoin,2018w20,148403000000.0
Bitcoin,2018w21,145264000000.0
Bitcoin,2018w22,125748000000.0
Bitcoin,2018w23,131847000000.0
Ethereum,2015w32,0.0
Ethereum,2015w33,43130000.0
Ethereum,2015w34,95819700.0
Ethereum,2015w35,97791600.0
Ethereum,2015w36,96251000.0
Ethereum,2015w37,94585300.0
Ethereum,2015w38,68814400.0
Ethereum,2015w39,69045900.0
Ethereum,2015w40,53201800.0
Ethereum,2015w41,49131600.0
Ethereum,2015w42,46864200.0
Ethereum,2015w43,38321300.0
Ethereum,2015w44,45991300.0
Ethereum,2015w45,78701400.0
Ethereum,2015w46,76991800.0
Ethereum,2015w47,67730700.0
Ethereum,2015w48,72484200.0
Ethereum,2015w49,66080400.0
Ethereum,2015w50,62950900.0
Ethereum,2015w51,72176400.0
Ethereum,2015w52,68521200.0
Ethereum,2016w01,73853900.0
Ethereum,2016w02,76096500.0
Ethereum,2016w03,101699000.0
Ethereum,2016w04,164313000.0
Ethereum,2016w05,177881000.0
Ethereum,2016w06,228504000.0
Ethereum,2016w07,410643000.0
Ethereum,2016w08,360185000.0
Ethereum,2016w09,499587000.0
Ethereum,2016w10,886447000.0
Ethereum,2016w11,1128180000.0
Ethereum,2016w12,805997000.0
Ethereum,2016w13,819007000.0
Ethereum,2016w14,914560000.0
Ethereum,2016w15,706074000.0
Ethereum,2016w16,738916000.0
Ethereum,2016w17,635784000.0
Ethereum,2016w18,708137000.0
Ethereum,2016w19,758000000.0
Ethereum,2016w20,798116000.0
Ethereum,2016w21,1146470000.0
Ethereum,2016w22,992329000.0
Ethereum,2016w23,1130350000.0
Ethereum,2016w24,1276930000.0
Ethereum,2016w25,993503000.0
Ethereum,2016w26,1124170000.0
Ethereum,2016w27,954849000.0
Ethereum,2016w28,895670000.0
Ethereum,2016w29,917151000.0
Ethereum,2016w30,1048920000.0
Ethereum,2016w31,981735000.0
Ethereum,2016w32,903184000.0
Ethereum,2016w33,929558000.0
Ethereum,2016w34,930708000.0
Ethereum,2016w35,910698000.0
Ethereum,2016w36,977169000.0
Ethereum,2016w37,976645000.0
Ethereum,2016w38,1045870000.0
Ethereum,2016w39,1110700000.0
Ethereum,2016w40,1116600000.0
Ethereum,2016w41,1022860000.0
Ethereum,2016w42,1016710000.0
Ethereum,2016w43,1026400000.0
Ethereum,2016w44,960008000.0
Ethereum,2016w45,934536000.0
Ethereum,2016w46,867755000.0
Ethereum,2016w47,825381000.0
Ethereum,2016w48,777311000.0
Ethereum,2016w49,641820000.0
Ethereum,2016w50,711348000.0
Ethereum,2016w51,685054000.0
Ethereum,2016w52,622439000.0
Ethereum,2017w01,698149000.0
Ethereum,2017w02,904682000.0
Ethereum,2017w03,869126000.0
Ethereum,2017w04,944159000.0
Ethereum,2017w05,927415000.0
Ethereum,2017w06,1005930000.0
Ethereum,2017w07,1011080000.0
Ethereum,2017w08,1136610000.0
Ethereum,2017w09,1294770000.0
Ethereum,2017w10,1725360000.0
Ethereum,2017w11,2108300000.0
Ethereum,2017w12,4031270000.0
Ethereum,2017w13,4624990000.0
Ethereum,2017w14,4411030000.0
Ethereum,2017w15,3919520000.0
Ethereum,2017w16,4417310000.0
Ethereum,2017w17,4446470000.0
Ethereum,2017w18,7234070000.0
Ethereum,2017w19,8569060000.0
Ethereum,2017w20,8316930000.0
Ethereum,2017w21,14522100000.0
Ethereum,2017w22,15654600000.0
Ethereum,2017w23,22615800000.0
Ethereum,2017w24,31525300000.0
Ethereum,2017w25,34435700000.0
Ethereum,2017w26,28111200000.0
Ethereum,2017w27,26815900000.0
Ethereum,2017w28,22640500000.0
Ethereum,2017w29,14932700000.0
Ethereum,2017w30,21158500000.0
Ethereum,2017w31,18492000000.0
Ethereum,2017w32,24511000000.0
Ethereum,2017w33,28008700000.0
Ethereum,2017w34,28285500000.0
Ethereum,2017w35,33002700000.0
Ethereum,2017w36,32774000000.0
Ethereum,2017w37,27394400000.0
Ethereum,2017w38,23881200000.0
Ethereum,2017w39,26755500000.0
Ethereum,2017w40,28708500000.0
Ethereum,2017w41,29328300000.0
Ethereum,2017w42,32029200000.0
Ethereum,2017w43,28111400000.0
Ethereum,2017w44,29077600000.0
Ethereum,2017w45,28322700000.0
Ethereum,2017w46,29379000000.0
Ethereum,2017w47,33933400000.0
Ethereum,2017w48,45255000000.0
Ethereum,2017w49,44795700000.0
Ethereum,2017w50,42389300000.0
Ethereum,2017w51,69578400000.0
Ethereum,2018w01,73075800000.0
Ethereum,2018w02,112164000000.0
Ethereum,2018w03,132404000000.0
Ethereum,2018w04,102504000000.0
Ethereum,2018w05,121269000000.0
Ethereum,2018w06,81337400000.0
Ethereum,2018w07,79754400000.0
Ethereum,2018w08,90047700000.0
Ethereum,2018w09,82705400000.0
Ethereum,2018w10,84939700000.0
Ethereum,2018w11,71086000000.0
Ethereum,2018w12,53718600000.0
Ethereum,2018w13,51598000000.0
Ethereum,2018w14,37422500000.0
Ethereum,2018w15,39565100000.0
Ethereum,2018w16,52592200000.0
Ethereum,2018w17,61490600000.0
Ethereum,2018w18,68376400000.0
Ethereum,2018w19,78758700000.0
Ethereum,2018w20,72847500000.0
Ethereum,2018w21,71405800000.0
Ethereum,2018w22,57136700000.0
Ethereum,2018w23,61851800000.0
Ripple,2013w31,45921000.0
Ripple,2013w32,45928400.0
Ripple,2013w33,34511100.0
Ripple,2013w34,43678200.0
Ripple,2013w35,47719500.0
Ripple,2013w36,45334600.0
Ripple,2013w37,48417800.0
Ripple,2013w38,50785700.0
Ripple,2013w39,81265400.0
Ripple,2013w40,100460000.0
Ripple,2013w41,75587700.0
Ripple,2013w42,66332400.0
Ripple,2013w43,52433500.0
Ripple,2013w44,53430600.0
Ripple,2013w45,55876500.0
Ripple,2013w46,67191600.0
Ripple,2013w47,80536000.0
Ripple,2013w48,91799200.0
Ripple,2013w49,409530000.0
Ripple,2013w50,284264000.0
Ripple,2013w51,228375000.0
Ripple,2013w52,168640000.0
Ripple,2014w01,211515000.0
Ripple,2014w02,197774000.0
Ripple,2014w03,171688000.0
Ripple,2014w04,163282000.0
Ripple,2014w05,157241000.0
Ripple,2014w06,168326000.0
Ripple,2014w07,135726000.0
Ripple,2014w08,119537000.0
Ripple,2014w09,120485000.0
Ripple,2014w10,106245000.0
Ripple,2014w11,114829000.0
Ripple,2014w12,111814000.0
Ripple,2014w13,99053400.0
Ripple,2014w14,75654300.0
Ripple,2014w15,64598400.0
Ripple,2014w16,46878800.0
Ripple,2014w17,48515300.0
Ripple,2014w18,37559000.0
Ripple,2014w19,39144600.0
Ripple,2014w20,44946600.0
Ripple,2014w21,46906900.0
Ripple,2014w22,28672700.0
Ripple,2014w23,31940900.0
Ripple,2014w24,31050900.0
Ripple,2014w25,32894000.0
Ripple,2014w26,32723700.0
Ripple,2014w27,31372400.0
Ripple,2014w28,21960300.0
Ripple,2014w29,33664800.0
Ripple,2014w30,42080500.0
Ripple,2014w31,49695200.0
Ripple,2014w32,43025900.0
Ripple,2014w33,41056900.0
Ripple,2014w34,42740400.0
Ripple,2014w35,42524700.0
Ripple,2014w36,141641000.0
Ripple,2014w37,136309000.0
Ripple,2014w38,148637000.0
Ripple,2014w39,132223000.0
Ripple,2014w40,153048000.0
Ripple,2014w41,138493000.0
Ripple,2014w42,140689000.0
Ripple,2014w43,143363000.0
Ripple,2014w44,131794000.0
Ripple,2014w45,135044000.0
Ripple,2014w46,142616000.0
Ripple,2014w47,150187000.0
Ripple,2014w48,265429000.0
Ripple,2014w49,345989000.0
Ripple,2014w50,456825000.0
Ripple,2014w51,528528000.0
Ripple,2014w52,770428000.0
Ripple,2015w01,757566000.0
Ripple,2015w02,586821000.0
Ripple,2015w03,581824000.0
Ripple,2015w04,485018000.0
Ripple,2015w05,513812000.0
Ripple,2015w06,437940000.0
Ripple,2015w07,460453000.0
Ripple,2015w08,438599000.0
Ripple,2015w09,418781000.0
Ripple,2015w10,390344000.0
Ripple,2015w11,317905000.0
Ripple,2015w12,345404000.0
Ripple,2015w13,325394000.0
Ripple,2015w14,271203000.0
Ripple,2015w15,279160000.0
Ripple,2015w16,274804000.0
Ripple,2015w17,250205000.0
Ripple,2015w18,247028000.0
Ripple,2015w19,257092000.0
Ripple,2015w20,235463000.0
Ripple,2015w21,201897000.0
Ripple,2015w22,218342000.0
Ripple,2015w23,264068000.0
Ripple,2015w24,251020000.0
Ripple,2015w25,259920000.0
Ripple,2015w26,328489000.0
Ripple,2015w27,366543000.0
Ripple,2015w28,319759000.0
Ripple,2015w29,274746000.0
Ripple,2015w30,258241000.0
Ripple,2015w31,258958000.0
Ripple,2015w32,262601000.0
Ripple,2015w33,281170000.0
Ripple,2015w34,265281000.0
Ripple,2015w35,240993000.0
Ripple,2015w36,261874000.0
Ripple,2015w37,256314000.0
Ripple,2015w38,277294000.0
Ripple,2015w39,247986000.0
Ripple,2015w40,212299000.0
Ripple,2015w41,170152000.0
Ripple,2015w42,168331000.0
Ripple,2015w43,164976000.0
Ripple,2015w44,151203000.0
Ripple,2015w45,162329000.0
Ripple,2015w46,154166000.0
Ripple,2015w47,138017000.0
Ripple,2015w48,141539000.0
Ripple,2015w49,144155000.0
Ripple,2015w50,178156000.0
Ripple,2015w51,294258000.0
Ripple,2015w52,209072000.0
Ripple,2016w01,202562000.0
Ripple,2016w02,199979000.0
Ripple,2016w03,176733000.0
Ripple,2016w04,175004000.0
Ripple,2016w05,217038000.0
Ripple,2016w06,284092000.0
Ripple,2016w07,292944000.0
Ripple,2016w08,276143000.0
Ripple,2016w09,269151000.0
Ripple,2016w10,267089000.0
Ripple,2016w11,293988000.0
Ripple,2016w12,274018000.0
Ripple,2016w13,276385000.0
Ripple,2016w14,258385000.0
Ripple,2016w15,204474000.0
Ripple,2016w16,226743000.0
Ripple,2016w17,252804000.0
Ripple,2016w18,236793000.0
Ripple,2016w19,223244000.0
Ripple,2016w20,211333000.0
Ripple,2016w21,206946000.0
Ripple,2016w22,197512000.0
Ripple,2016w23,202051000.0
Ripple,2016w24,204067000.0
Ripple,2016w25,239363000.0
Ripple,2016w26,226280000.0
Ripple,2016w27,234021000.0
Ripple,2016w28,235803000.0
Ripple,2016w29,231705000.0
Ripple,2016w30,223721000.0
Ripple,2016w31,211241000.0
Ripple,2016w32,219052000.0
Ripple,2016w33,213098000.0
Ripple,2016w34,215346000.0
Ripple,2016w35,211999000.0
Ripple,2016w36,210058000.0
Ripple,2016w37,206386000.0
Ripple,2016w38,243070000.0
Ripple,2016w39,279129000.0
Ripple,2016w40,289639000.0
Ripple,2016w41,267572000.0
Ripple,2016w42,286614000.0
Ripple,2016w43,334725000.0
Ripple,2016w44,284730000.0
Ripple,2016w45,292208000.0
Ripple,2016w46,295227000.0
Ripple,2016w47,274338000.0
Ripple,2016w48,254074000.0
Ripple,2016w49,234832000.0
Ripple,2016w50,242743000.0
Ripple,2016w51,235601000.0
Ripple,2016w52,231980000.0
Ripple,2017w01,237032000.0
Ripple,2017w02,226700000.0
Ripple,2017w03,248106000.0
Ripple,2017w04,247604000.0
Ripple,2017w05,235961000.0
Ripple,2017w06,237318000.0
Ripple,2017w07,232161000.0
Ripple,2017w08,217802000.0
Ripple,2017w09,210425000.0
Ripple,2017w10,229280000.0
Ripple,2017w11,233853000.0
Ripple,2017w12,258208000.0
Ripple,2017w13,354514000.0
Ripple,2017w14,2261800000.0
Ripple,2017w15,1280150000.0
Ripple,2017w16,1253560000.0
Ripple,2017w17,1183370000.0
Ripple,2017w18,1954090000.0
Ripple,2017w19,5375270000.0
Ripple,2017w20,8429940000.0
Ripple,2017w21,13039500000.0
Ripple,2017w22,8689830000.0
Ripple,2017w23,11581200000.0
Ripple,2017w24,10466000000.0
Ripple,2017w25,10873600000.0
Ripple,2017w26,11440300000.0
Ripple,2017w27,9916580000.0
Ripple,2017w28,8962770000.0
Ripple,2017w29,5749320000.0
Ripple,2017w30,7466020000.0
Ripple,2017w31,6326860000.0
Ripple,2017w32,6891020000.0
Ripple,2017w33,6457680000.0
Ripple,2017w34,6074040000.0
Ripple,2017w35,7800090000.0
Ripple,2017w36,8772340000.0
Ripple,2017w37,8148560000.0
Ripple,2017w38,6837060000.0
Ripple,2017w39,6730080000.0
Ripple,2017w40,7901790000.0
Ripple,2017w41,10759300000.0
Ripple,2017w42,10148700000.0
Ripple,2017w43,7841330000.0
Ripple,2017w44,7824820000.0
Ripple,2017w45,7782080000.0
Ripple,2017w46,7608890000.0
Ripple,2017w47,8934850000.0
Ripple,2017w48,9590240000.0
Ripple,2017w49,9768480000.0
Ripple,2017w50,9164670000.0
Ripple,2017w51,28203500000.0
Ripple,2018w01,88945900000.0
Ripple,2018w02,130302000000.0
Ripple,2018w03,71909400000.0
Ripple,2018w04,53909800000.0
Ripple,2018w05,54204300000.0
Ripple,2018w06,32219400000.0
Ripple,2018w07,39262700000.0
Ripple,2018w08,43813300000.0
Ripple,2018w09,36893900000.0
Ripple,2018w10,39650700000.0
Ripple,2018w11,32529500000.0
Ripple,2018w12,26274600000.0
Ripple,2018w13,25125200000.0
Ripple,2018w14,19002500000.0
Ripple,2018w15,19594200000.0
Ripple,2018w16,26693300000.0
Ripple,2018w17,33903000000.0
Ripple,2018w18,34112200000.0
Ripple,2018w19,34132600000.0
Ripple,2018w20,29184800000.0
Ripple,2018w21,27450300000.0
Ripple,2018w22,23841900000.0
Ripple,2018w23,27173400000.0
Bitcoin Cash,2017w29,0.0
Bitcoin Cash,2017w30,0.0
Bitcoin Cash,2017w31,0.0
Bitcoin Cash,2017w32,3688360000.0
Bitcoin Cash,2017w33,4882720000.0
Bitcoin Cash,2017w34,11943100000.0
Bitcoin Cash,2017w35,10254800000.0
Bitcoin Cash,2017w36,10072200000.0
Bitcoin Cash,2017w37,8902570000.0
Bitcoin Cash,2017w38,7001640000.0
Bitcoin Cash,2017w39,6971280000.0
Bitcoin Cash,2017w40,6921580000.0
Bitcoin Cash,2017w41,5716320000.0
Bitcoin Cash,2017w42,5265400000.0
Bitcoin Cash,2017w43,5524790000.0
Bitcoin Cash,2017w44,7679000000.0
Bitcoin Cash,2017w45,10566600000.0
Bitcoin Cash,2017w46,23214700000.0
Bitcoin Cash,2017w47,19710200000.0
Bitcoin Cash,2017w48,28986800000.0
Bitcoin Cash,2017w49,26267300000.0
Bitcoin Cash,2017w50,22239900000.0
Bitcoin Cash,2017w51,31516900000.0
Bitcoin Cash,2017w52,49430800000.0
Bitcoin Cash,2018w01,42804800000.0
Bitcoin Cash,2018w02,47091600000.0
Bitcoin Cash,2018w03,42983500000.0
Bitcoin Cash,2018w04,30370200000.0
Bitcoin Cash,2018w05,29561500000.0
Bitcoin Cash,2018w06,19659800000.0
Bitcoin Cash,2018w07,20735400000.0
Bitcoin Cash,2018w08,25179700000.0
Bitcoin Cash,2018w09,20004000000.0
Bitcoin Cash,2018w10,21880600000.0
Bitcoin Cash,2018w11,19461500000.0
Bitcoin Cash,2018w12,16048000000.0
Bitcoin Cash,2018w13,16490800000.0
Bitcoin Cash,2018w14,10988300000.0
Bitcoin Cash,2018w15,11194800000.0
Bitcoin Cash,2018w16,13338000000.0
Bitcoin Cash,2018w17,20415700000.0
Bitcoin Cash,2018w18,24642000000.0
Bitcoin Cash,2018w19,30234100000.0
Bitcoin Cash,2018w20,25506600000.0
Bitcoin Cash,2018w21,22212300000.0
Bitcoin Cash,2018w22,17093800000.0
Bitcoin Cash,2018w23,20095300000.0
EOS,2017w26,0.0
EOS,2017w27,0.0
EOS,2017w28,464611000.0
EOS,2017w29,278755000.0
EOS,2017w30,445118000.0
EOS,2017w31,446574000.0
EOS,2017w32,462733000.0
EOS,2017w33,453328000.0
EOS,2017w34,404724000.0
EOS,2017w35,417816000.0
EOS,2017w36,406952000.0
EOS,2017w37,250148000.0
EOS,2017w38,228544000.0
EOS,2017w39,199970000.0
EOS,2017w40,268425000.0
EOS,2017w41,237202000.0
EOS,2017w42,232974000.0
EOS,2017w43,218357000.0
EOS,2017w44,291212000.0
EOS,2017w45,481154000.0
EOS,2017w46,513122000.0
EOS,2017w47,917196000.0
EOS,2017w48,1229350000.0
EOS,2017w49,1865930000.0
EOS,2017w50,2000150000.0
EOS,2017w51,4478700000.0
EOS,2017w52,4597290000.0
EOS,2018w01,5041600000.0
EOS,2018w02,7367780000.0
EOS,2018w03,8110090000.0
EOS,2018w04,8385480000.0
EOS,2018w05,9524430000.0
EOS,2018w06,5618380000.0
EOS,2018w07,5609460000.0
EOS,2018w08,6355840000.0
EOS,2018w09,5472730000.0
EOS,2018w10,5786710000.0
EOS,2018w11,4441010000.0
EOS,2018w12,3468420000.0
EOS,2018w13,4906950000.0
EOS,2018w14,4348740000.0
EOS,2018w15,4666280000.0
EOS,2018w16,6667990000.0
EOS,2018w17,9186100000.0
EOS,2018w18,17849100000.0
EOS,2018w19,14823500000.0
EOS,2018w20,12757300000.0
EOS,2018w21,12187300000.0
EOS,2018w22,11043800000.0
EOS,2018w23,13084900000.0
Litecoin,2013w17,73773400.0
Litecoin,2013w18,74952700.0
Litecoin,2013w19,62356000.0
Litecoin,2013w20,57363200.0
Litecoin,2013w21,58962900.0
Litecoin,2013w22,58130800.0
Litecoin,2013w23,49688400.0
Litecoin,2013w24,43883900.0
Litecoin,2013w25,39791100.0
Litecoin,2013w26,58990400.0
Litecoin,2013w27,57266300.0
Litecoin,2013w28,52149300.0
Litecoin,2013w29,55861000.0
Litecoin,2013w30,57698700.0
Litecoin,2013w31,58407100.0
Litecoin,2013w32,60085300.0
Litecoin,2013w33,54534200.0
Litecoin,2013w34,57253600.0
Litecoin,2013w35,53225200.0
Litecoin,2013w36,53667700.0
Litecoin,2013w37,57564700.0
Litecoin,2013w38,56288200.0
Litecoin,2013w39,54240500.0
Litecoin,2013w40,49805700.0
Litecoin,2013w41,47545900.0
Litecoin,2013w42,47411600.0
Litecoin,2013w43,43015300.0
Litecoin,2013w44,47813500.0
Litecoin,2013w45,65752700.0
Litecoin,2013w46,89534800.0
Litecoin,2013w47,95311600.0
Litecoin,2013w48,240567000.0
Litecoin,2013w49,811082000.0
Litecoin,2013w50,646640000.0
Litecoin,2013w51,752925000.0
Litecoin,2013w52,404707000.0
Litecoin,2014w01,582721000.0
Litecoin,2014w02,661917000.0
Litecoin,2014w03,623662000.0
Litecoin,2014w04,636076000.0
Litecoin,2014w05,607439000.0
Litecoin,2014w06,567762000.0
Litecoin,2014w07,467936000.0
Litecoin,2014w08,390157000.0
Litecoin,2014w09,400579000.0
Litecoin,2014w10,334685000.0
Litecoin,2014w11,422208000.0
Litecoin,2014w12,461913000.0
Litecoin,2014w13,410593000.0
Litecoin,2014w14,355481000.0
Litecoin,2014w15,317608000.0
Litecoin,2014w16,285072000.0
Litecoin,2014w17,347125000.0
Litecoin,2014w18,272731000.0
Litecoin,2014w19,289454000.0
Litecoin,2014w20,292232000.0
Litecoin,2014w21,294578000.0
Litecoin,2014w22,332099000.0
Litecoin,2014w23,322135000.0
Litecoin,2014w24,327986000.0
Litecoin,2014w25,292055000.0
Litecoin,2014w26,288542000.0
Litecoin,2014w27,266898000.0
Litecoin,2014w28,212727000.0
Litecoin,2014w29,268608000.0
Litecoin,2014w30,257188000.0
Litecoin,2014w31,237345000.0
Litecoin,2014w32,232222000.0
Litecoin,2014w33,215948000.0
Litecoin,2014w34,135740000.0
Litecoin,2014w35,169653000.0
Litecoin,2014w36,153547000.0
Litecoin,2014w37,164063000.0
Litecoin,2014w38,173095000.0
Litecoin,2014w39,136869000.0
Litecoin,2014w40,137498000.0
Litecoin,2014w41,120914000.0
Litecoin,2014w42,126363000.0
Litecoin,2014w43,131666000.0
Litecoin,2014w44,123853000.0
Litecoin,2014w45,119977000.0
Litecoin,2014w46,122288000.0
Litecoin,2014w47,131455000.0
Litecoin,2014w48,122535000.0
Litecoin,2014w49,122616000.0
Litecoin,2014w50,127928000.0
Litecoin,2014w51,120858000.0
Litecoin,2014w52,99862200.0
Litecoin,2015w01,95896300.0
Litecoin,2015w02,69148700.0
Litecoin,2015w03,60986100.0
Litecoin,2015w04,47416500.0
Litecoin,2015w05,80604000.0
Litecoin,2015w06,65442400.0
Litecoin,2015w07,64802000.0
Litecoin,2015w08,67323000.0
Litecoin,2015w09,66170200.0
Litecoin,2015w10,69828900.0
Litecoin,2015w11,70206300.0
Litecoin,2015w12,75416900.0
Litecoin,2015w13,67475000.0
Litecoin,2015w14,62459100.0
Litecoin,2015w15,64505900.0
Litecoin,2015w16,56089100.0
Litecoin,2015w17,53029400.0
Litecoin,2015w18,50904000.0
Litecoin,2015w19,55532500.0
Litecoin,2015w20,55980400.0
Litecoin,2015w21,56856600.0
Litecoin,2015w22,72077400.0
Litecoin,2015w23,64744100.0
Litecoin,2015w24,68785000.0
Litecoin,2015w25,79922500.0
Litecoin,2015w26,121219000.0
Litecoin,2015w27,128550000.0
Litecoin,2015w28,200511000.0
Litecoin,2015w29,215897000.0
Litecoin,2015w30,154330000.0
Litecoin,2015w31,192667000.0
Litecoin,2015w32,172385000.0
Litecoin,2015w33,162062000.0
Litecoin,2015w34,165435000.0
Litecoin,2015w35,142301000.0
Litecoin,2015w36,120021000.0
Litecoin,2015w37,128155000.0
Litecoin,2015w38,118997000.0
Litecoin,2015w39,120933000.0
Litecoin,2015w40,122388000.0
Litecoin,2015w41,128635000.0
Litecoin,2015w42,134401000.0
Litecoin,2015w43,129649000.0
Litecoin,2015w44,131697000.0
Litecoin,2015w45,171197000.0
Litecoin,2015w46,147907000.0
Litecoin,2015w47,132419000.0
Litecoin,2015w48,136062000.0
Litecoin,2015w49,158950000.0
Litecoin,2015w50,150138000.0
Litecoin,2015w51,158529000.0
Litecoin,2015w52,154934000.0
Litecoin,2016w01,152570000.0
Litecoin,2016w02,155131000.0
Litecoin,2016w03,133145000.0
Litecoin,2016w04,140890000.0
Litecoin,2016w05,136125000.0
Litecoin,2016w06,137272000.0
Litecoin,2016w07,143812000.0
Litecoin,2016w08,154569000.0
Litecoin,2016w09,153819000.0
Litecoin,2016w10,144322000.0
Litecoin,2016w11,148568000.0
Litecoin,2016w12,144239000.0
Litecoin,2016w13,148970000.0
Litecoin,2016w14,147422000.0
Litecoin,2016w15,146206000.0
Litecoin,2016w16,148017000.0
Litecoin,2016w17,164835000.0
Litecoin,2016w18,169120000.0
Litecoin,2016w19,179947000.0
Litecoin,2016w20,186086000.0
Litecoin,2016w21,180067000.0
Litecoin,2016w22,213115000.0
Litecoin,2016w23,221912000.0
Litecoin,2016w24,250146000.0
Litecoin,2016w25,260458000.0
Litecoin,2016w26,187984000.0
Litecoin,2016w27,198695000.0
Litecoin,2016w28,192038000.0
Litecoin,2016w29,196145000.0
Litecoin,2016w30,190621000.0
Litecoin,2016w31,190585000.0
Litecoin,2016w32,177444000.0
Litecoin,2016w33,171883000.0
Litecoin,2016w34,170790000.0
Litecoin,2016w35,176842000.0
Litecoin,2016w36,190686000.0
Litecoin,2016w37,183908000.0
Litecoin,2016w38,192499000.0
Litecoin,2016w39,181334000.0
Litecoin,2016w40,184113000.0
Litecoin,2016w41,183200000.0
Litecoin,2016w42,186886000.0
Litecoin,2016w43,188620000.0
Litecoin,2016w44,194664000.0
Litecoin,2016w45,187897000.0
Litecoin,2016w46,187837000.0
Litecoin,2016w47,190816000.0
Litecoin,2016w48,189561000.0
Litecoin,2016w49,189313000.0
Litecoin,2016w50,177808000.0
Litecoin,2016w51,179953000.0
Litecoin,2016w52,213135000.0
Litecoin,2017w01,212691000.0
Litecoin,2017w02,196828000.0
Litecoin,2017w03,193560000.0
Litecoin,2017w04,190717000.0
Litecoin,2017w05,191115000.0
Litecoin,2017w06,201525000.0
Litecoin,2017w07,187506000.0
Litecoin,2017w08,187912000.0
Litecoin,2017w09,190522000.0
Litecoin,2017w10,193846000.0
Litecoin,2017w11,192979000.0
Litecoin,2017w12,198555000.0
Litecoin,2017w13,204793000.0
Litecoin,2017w14,390802000.0
Litecoin,2017w15,440977000.0
Litecoin,2017w16,536824000.0
Litecoin,2017w17,709098000.0
Litecoin,2017w18,799215000.0
Litecoin,2017w19,1548860000.0
Litecoin,2017w20,1476700000.0
Litecoin,2017w21,1338680000.0
Litecoin,2017w22,1248110000.0
Litecoin,2017w23,1444260000.0
Litecoin,2017w24,1711460000.0
Litecoin,2017w25,2382490000.0
Litecoin,2017w26,2277350000.0
Litecoin,2017w27,2149160000.0
Litecoin,2017w28,2591230000.0
Litecoin,2017w29,2142760000.0
Litecoin,2017w30,2302370000.0
Litecoin,2017w31,2107540000.0
Litecoin,2017w32,2364540000.0
Litecoin,2017w33,2403870000.0
Litecoin,2017w34,2427130000.0
Litecoin,2017w35,3231200000.0
Litecoin,2017w36,4049140000.0
Litecoin,2017w37,3259510000.0
Litecoin,2017w38,2571070000.0
Litecoin,2017w39,2527830000.0
Litecoin,2017w40,2901270000.0
Litecoin,2017w41,2828800000.0
Litecoin,2017w42,3508860000.0
Litecoin,2017w43,3036830000.0
Litecoin,2017w44,3046410000.0
Litecoin,2017w45,2940380000.0
Litecoin,2017w46,3183830000.0
Litecoin,2017w47,3849390000.0
Litecoin,2017w48,4638580000.0
Litecoin,2017w49,5486740000.0
Litecoin,2017w50,8042020000.0
Litecoin,2017w51,17336500000.0
Litecoin,2018w01,12639700000.0
Litecoin,2018w02,15726800000.0
Litecoin,2018w03,12993700000.0
Litecoin,2018w04,10521900000.0
Litecoin,2018w05,10649800000.0
Litecoin,2018w06,8190580000.0
Litecoin,2018w07,8282050000.0
Litecoin,2018w08,11907900000.0
Litecoin,2018w09,12302000000.0
Litecoin,2018w10,11858800000.0
Litecoin,2018w11,10506700000.0
Litecoin,2018w12,8658190000.0
Litecoin,2018w13,8935560000.0
Litecoin,2018w14,6441120000.0
Litecoin,2018w15,6595640000.0
Litecoin,2018w16,7403400000.0
Litecoin,2018w17,8243880000.0
Litecoin,2018w18,8651810000.0
Litecoin,2018w19,9689920000.0
Litecoin,2018w20,8174200000.0
Litecoin,2018w21,7906980000.0
Litecoin,2018w22,6689480000.0
Litecoin,2018w23,7114600000.0
Stellar,2014w32,772597.0
Stellar,2014w33,2351620.0
Stellar,2014w34,2421500.0
Stellar,2014w35,2332310.0
Stellar,2014w36,2149450.0
Stellar,2014w37,2319720.0
Stellar,2014w38,3394810.0
Stellar,2014w39,4234030.0
Stellar,2014w40,4038750.0
Stellar,2014w41,3157090.0
Stellar,2014w42,3096940.0
Stellar,2014w43,2904680.0
Stellar,2014w44,2859770.0
Stellar,2014w45,2357680.0
Stellar,2014w46,6145080.0
Stellar,2014w47,5771490.0
Stellar,2014w48,7660570.0
Stellar,2014w49,7832720.0
Stellar,2014w50,8258520.0
Stellar,2014w51,8778660.0
Stellar,2014w52,21046400.0
Stellar,2015w01,20636400.0
Stellar,2015w02,15737900.0
Stellar,2015w03,17962800.0
Stellar,2015w04,16982200.0
Stellar,2015w05,17208500.0
Stellar,2015w06,14857100.0
Stellar,2015w07,13439800.0
Stellar,2015w08,11885700.0
Stellar,2015w09,10223600.0
Stellar,2015w10,10057900.0
Stellar,2015w11,10729600.0
Stellar,2015w12,10925500.0
Stellar,2015w13,13801300.0
Stellar,2015w14,13085600.0
Stellar,2015w15,11471000.0
Stellar,2015w16,13619200.0
Stellar,2015w17,12921700.0
Stellar,2015w18,12739700.0
Stellar,2015w19,12917000.0
Stellar,2015w20,13458600.0
Stellar,2015w21,12455600.0
Stellar,2015w22,15165000.0
Stellar,2015w23,16432800.0
Stellar,2015w24,14924700.0
Stellar,2015w25,15765600.0
Stellar,2015w26,17063000.0
Stellar,2015w27,16576400.0
Stellar,2015w28,15079200.0
Stellar,2015w29,15395800.0
Stellar,2015w30,13891100.0
Stellar,2015w31,14587900.0
Stellar,2015w32,13181200.0
Stellar,2015w33,11345900.0
Stellar,2015w34,10370900.0
Stellar,2015w35,9535200.0
Stellar,2015w36,11433800.0
Stellar,2015w37,12225100.0
Stellar,2015w38,10435100.0
Stellar,2015w39,10755000.0
Stellar,2015w40,10001200.0
Stellar,2015w41,9923840.0
Stellar,2015w42,10204100.0
Stellar,2015w43,9537770.0
Stellar,2015w44,9136700.0
Stellar,2015w45,10288300.0
Stellar,2015w46,9411710.0
Stellar,2015w47,9610860.0
Stellar,2015w48,9541640.0
Stellar,2015w49,8414780.0
Stellar,2015w50,9273600.0
Stellar,2015w51,9989040.0
Stellar,2015w52,8450230.0
Stellar,2016w01,8472820.0
Stellar,2016w02,8544660.0
Stellar,2016w03,8291710.0
Stellar,2016w04,8334910.0
Stellar,2016w05,8591390.0
Stellar,2016w06,8893770.0
Stellar,2016w07,10605000.0
Stellar,2016w08,10425600.0
Stellar,2016w09,9583340.0
Stellar,2016w10,9383360.0
Stellar,2016w11,12008000.0
Stellar,2016w12,11455700.0
Stellar,2016w13,11142300.0
Stellar,2016w14,12096900.0
Stellar,2016w15,10341500.0
Stellar,2016w16,10418700.0
Stellar,2016w17,10491200.0
Stellar,2016w18,10330700.0
Stellar,2016w19,9852060.0
Stellar,2016w20,9544640.0
Stellar,2016w21,8919600.0
Stellar,2016w22,8213930.0
Stellar,2016w23,8217880.0
Stellar,2016w24,8888500.0
Stellar,2016w25,10065200.0
Stellar,2016w26,11081200.0
Stellar,2016w27,10582900.0
Stellar,2016w28,10154900.0
Stellar,2016w29,10569300.0
Stellar,2016w30,12854900.0
Stellar,2016w31,10824100.0
Stellar,2016w32,10669300.0
Stellar,2016w33,11289700.0
Stellar,2016w34,10798700.0
Stellar,2016w35,10283500.0
Stellar,2016w36,10979700.0
Stellar,2016w37,10889700.0
Stellar,2016w38,12728500.0
Stellar,2016w39,14978900.0
Stellar,2016w40,17495000.0
Stellar,2016w41,15686300.0
Stellar,2016w42,16574200.0
Stellar,2016w43,16709600.0
Stellar,2016w44,14517100.0
Stellar,2016w45,13492500.0
Stellar,2016w46,12986100.0
Stellar,2016w47,12055600.0
Stellar,2016w48,11405800.0
Stellar,2016w49,10492900.0
Stellar,2016w50,16124600.0
Stellar,2016w51,20078900.0
Stellar,2016w52,17843400.0
Stellar,2017w01,17129800.0
Stellar,2017w02,16313100.0
Stellar,2017w03,16893600.0
Stellar,2017w04,16076200.0
Stellar,2017w05,15399600.0
Stellar,2017w06,16273600.0
Stellar,2017w07,14599700.0
Stellar,2017w08,14122700.0
Stellar,2017w09,13135300.0
Stellar,2017w10,12099700.0
Stellar,2017w11,12990500.0
Stellar,2017w12,13414400.0
Stellar,2017w13,14457100.0
Stellar,2017w14,29039100.0
Stellar,2017w15,24924900.0
Stellar,2017w16,35001800.0
Stellar,2017w17,32805200.0
Stellar,2017w18,45049600.0
Stellar,2017w19,403409000.0
Stellar,2017w20,368128000.0
Stellar,2017w21,602024000.0
Stellar,2017w22,341020000.0
Stellar,2017w23,384981000.0
Stellar,2017w24,442903000.0
Stellar,2017w25,370273000.0
Stellar,2017w26,326126000.0
Stellar,2017w27,266527000.0
Stellar,2017w28,206559000.0
Stellar,2017w29,165682000.0
Stellar,2017w30,233061000.0
Stellar,2017w31,171434000.0
Stellar,2017w32,248695000.0
Stellar,2017w33,201960000.0
Stellar,2017w34,195916000.0
Stellar,2017w35,229305000.0
Stellar,2017w36,353461000.0
Stellar,2017w37,269966000.0
Stellar,2017w38,185334000.0
Stellar,2017w39,191597000.0
Stellar,2017w40,227204000.0
Stellar,2017w41,311848000.0
Stellar,2017w42,313995000.0
Stellar,2017w43,517635000.0
Stellar,2017w44,509767000.0
Stellar,2017w45,442813000.0
Stellar,2017w46,466386000.0
Stellar,2017w47,648715000.0
Stellar,2017w48,865597000.0
Stellar,2017w49,1589540000.0
Stellar,2017w50,2109300000.0
Stellar,2017w51,4876760000.0
Stellar,2018w01,6436760000.0
Stellar,2018w02,12442100000.0
Stellar,2018w03,11190600000.0
Stellar,2018w04,8336150000.0
Stellar,2018w05,11303400000.0
Stellar,2018w06,7064590000.0
Stellar,2018w07,6897000000.0
Stellar,2018w08,8318460000.0
Stellar,2018w09,6624170000.0
Stellar,2018w10,6718270000.0
Stellar,2018w11,5629090000.0
Stellar,2018w12,4113520000.0
Stellar,2018w13,4437990000.0
Stellar,2018w14,3842400000.0
Stellar,2018w15,3834820000.0
Stellar,2018w16,5386700000.0
Stellar,2018w17,6832160000.0
Stellar,2018w18,8518430000.0
Stellar,2018w19,7682610000.0
Stellar,2018w20,6990350000.0
Stellar,2018w21,6185440000.0
Stellar,2018w22,5133650000.0
Stellar,2018w23,5659990000.0
Cardano,2017w39,0.0
Cardano,2017w40,0.0
Cardano,2017w41,527469000.0
Cardano,2017w42,776227000.0
Cardano,2017w43,717768000.0
Cardano,2017w44,734193000.0
Cardano,2017w45,543879000.0
Cardano,2017w46,631690000.0
Cardano,2017w47,729895000.0
Cardano,2017w48,949409000.0
Cardano,2017w49,3410590000.0
Cardano,2017w50,2824170000.0
Cardano,2017w51,13273100000.0
Cardano,2017w52,10172000000.0
Cardano,2018w01,18637600000.0
Cardano,2018w02,25909700000.0
Cardano,2018w03,20631800000.0
Cardano,2018w04,15944700000.0
Cardano,2018w05,17354900000.0
Cardano,2018w06,9983060000.0
Cardano,2018w07,9660290000.0
Cardano,2018w08,10032000000.0
Cardano,2018w09,8951880000.0
Cardano,2018w10,7775450000.0
Cardano,2018w11,5810350000.0
Cardano,2018w12,4167750000.0
Cardano,2018w13,4769560000.0
Cardano,2018w14,3932900000.0
Cardano,2018w15,4072980000.0
Cardano,2018w16,5752930000.0
Cardano,2018w17,7403680000.0
Cardano,2018w18,9445160000.0
Cardano,2018w19,9073140000.0
Cardano,2018w20,7411300000.0
Cardano,2018w21,6640710000.0
Cardano,2018w22,5021960000.0
Cardano,2018w23,5915400000.0
IOTA,2017w24,1774740000.0
IOTA,2017w25,1126980000.0
IOTA,2017w26,1306910000.0
IOTA,2017w27,1053600000.0
IOTA,2017w28,846301000.0
IOTA,2017w29,502309000.0
IOTA,2017w30,736952000.0
IOTA,2017w31,708959000.0
IOTA,2017w32,1197430000.0
IOTA,2017w33,2256250000.0
IOTA,2017w34,2522210000.0
IOTA,2017w35,2564020000.0
IOTA,2017w36,2068680000.0
IOTA,2017w37,1385260000.0
IOTA,2017w38,1380860000.0
IOTA,2017w39,1457720000.0
IOTA,2017w40,1718250000.0
IOTA,2017w41,1390760000.0
IOTA,2017w42,1222160000.0
IOTA,2017w43,1087830000.0
IOTA,2017w44,1120440000.0
IOTA,2017w45,975647000.0
IOTA,2017w46,1651070000.0
IOTA,2017w47,2397820000.0
IOTA,2017w48,2348230000.0
IOTA,2017w49,5265070000.0
IOTA,2017w50,11512900000.0
IOTA,2017w51,10977400000.0
IOTA,2017w52,9704640000.0
IOTA,2018w01,9883750000.0
IOTA,2018w02,11314500000.0
IOTA,2018w03,10334400000.0
IOTA,2018w04,7738110000.0
IOTA,2018w05,7007530000.0
IOTA,2018w06,4867820000.0
IOTA,2018w07,4763780000.0
IOTA,2018w08,5521610000.0
IOTA,2018w09,5049480000.0
IOTA,2018w10,5272230000.0
IOTA,2018w11,3863920000.0
IOTA,2018w12,3437690000.0
IOTA,2018w13,3675430000.0
IOTA,2018w14,2766120000.0
IOTA,2018w15,2842810000.0
IOTA,2018w16,4624260000.0
IOTA,2018w17,5564960000.0
IOTA,2018w18,5676530000.0
IOTA,2018w19,6407330000.0
IOTA,2018w20,5600020000.0
IOTA,2018w21,5079020000.0
IOTA,2018w22,4054940000.0
IOTA,2018w23,5024590000.0
