,slug,symbol,name,date,ranknow,open,high,low,close,volume,market,close_ratio,spread
3,bitcoin,BTC,Bitcoin,2013-05-01,1,139.0,139.89,107.72,116.99,0.0,1542820000.0,0.2882,32.17
34,bitcoin,BTC,Bitcoin,2013-06-01,1,128.81,129.78,127.2,129.3,0.0,1445800000.0,0.8140000000000001,2.58
64,bitcoin,BTC,Bitcoin,2013-07-01,1,97.51,97.66,86.3,88.05,0.0,1107130000.0,0.154,11.36
95,bitcoin,BTC,Bitcoin,2013-08-01,1,106.21,108.0,103.01,104.0,0.0,1220190000.0,0.1984,4.99
126,bitcoin,BTC,Bitcoin,2013-09-01,1,135.14,145.81,134.81,138.34,0.0,1572230000.0,0.3209,11.0
156,bitcoin,BTC,Bitcoin,2013-10-01,1,132.68,134.63,131.55,132.18,0.0,1562270000.0,0.2045,3.08
187,bitcoin,BTC,Bitcoin,2013-11-01,1,203.9,206.65,202.13,206.18,0.0,2432470000.0,0.8959999999999999,4.52
217,bitcoin,BTC,Bitcoin,2013-12-01,1,1128.92,1133.08,801.82,955.85,0.0,13614300000.0,0.465,331.26
248,bitcoin,BTC,Bitcoin,2014-01-01,1,754.97,775.35,754.97,771.4,22489400.0,9203030000.0,0.8062,20.38
279,bitcoin,BTC,Bitcoin,2014-02-01,1,828.61,853.52,827.11,832.58,19668700.0,10222300000.0,0.2071,26.41
307,bitcoin,BTC,Bitcoin,2014-03-01,1,549.92,573.38,539.29,565.61,18668100.0,6851590000.0,0.7721,34.09
338,bitcoin,BTC,Bitcoin,2014-04-01,1,457.0,495.34,457.0,478.38,35685800.0,5752280000.0,0.5576,38.34
368,bitcoin,BTC,Bitcoin,2014-05-01,1,447.63,460.61,447.63,457.76,12871800.0,5690670000.0,0.7804,12.98
399,bitcoin,BTC,Bitcoin,2014-06-01,1,623.69,671.51,619.91,630.23,45259100.0,8007450000.0,0.2,51.6
429,bitcoin,BTC,Bitcoin,2014-07-01,1,641.39,657.86,640.11,640.81,38446300.0,8316770000.0,0.0394,17.75
460,bitcoin,BTC,Bitcoin,2014-08-01,1,586.2,597.92,583.63,594.92,18215900.0,7670500000.0,0.7901,14.29
491,bitcoin,BTC,Bitcoin,2014-09-01,1,477.79,485.31,471.91,474.88,20432000.0,6313120000.0,0.2216,13.4
521,bitcoin,BTC,Bitcoin,2014-10-01,1,387.43,391.38,380.78,383.62,26229400.0,5165060000.0,0.2679,10.6
552,bitcoin,BTC,Bitcoin,2014-11-01,1,338.65,340.53,321.06,325.75,16677200.0,4554320000.0,0.2409,19.47
582,bitcoin,BTC,Bitcoin,2014-12-01,1,378.25,383.66,376.67,379.25,11763000.0,5128700000.0,0.3691,6.99
613,bitcoin,BTC,Bitcoin,2015-01-01,1,320.44,320.44,314.0,314.25,8036550.0,4380820000.0,0.0388,6.44
644,bitcoin,BTC,Bitcoin,2015-02-01,1,216.87,231.57,212.01,226.97,29128500.0,2989460000.0,0.7648,19.56
672,bitcoin,BTC,Bitcoin,2015-03-01,1,254.28,261.66,245.93,260.2,25213700.0,3532050000.0,0.9072,15.73
703,bitcoin,BTC,Bitcoin,2015-04-01,1,244.22,247.54,241.16,247.27,22877200.0,3420100000.0,0.9577,6.38
733,bitcoin,BTC,Bitcoin,2015-05-01,1,235.94,238.97,232.08,232.08,18815300.0,3329190000.0,0.0,6.89
764,bitcoin,BTC,Bitcoin,2015-06-01,1,230.23,231.71,221.3,222.93,26090500.0,3274370000.0,0.1566,10.41
794,bitcoin,BTC,Bitcoin,2015-07-01,1,263.35,265.17,255.77,258.62,27029800.0,3774140000.0,0.3032,9.4
825,bitcoin,BTC,Bitcoin,2015-08-01,1,284.69,284.93,278.11,281.6,18995000.0,4112610000.0,0.5117,6.82
856,bitcoin,BTC,Bitcoin,2015-09-01,1,230.26,231.22,226.86,228.12,20575200.0,3352760000.0,0.289,4.36
886,bitcoin,BTC,Bitcoin,2015-10-01,1,236.0,238.44,235.62,237.55,20488800.0,3462800000.0,0.6844,2.82
917,bitcoin,BTC,Bitcoin,2015-11-01,1,315.0,327.47,311.88,325.43,37001100.0,4657890000.0,0.8691,15.59
947,bitcoin,BTC,Bitcoin,2015-12-01,1,377.41,378.93,356.56,362.49,60452200.0,5624580000.0,0.2651,22.37
978,bitcoin,BTC,Bitcoin,2016-01-01,1,430.72,436.25,427.51,434.33,36278900.0,6473530000.0,0.7803,8.74
1009,bitcoin,BTC,Bitcoin,2016-02-01,1,369.35,378.07,367.96,373.06,51656700.0,5596090000.0,0.5045,10.11
1038,bitcoin,BTC,Bitcoin,2016-03-01,1,437.92,439.65,432.32,435.12,74895800.0,6684800000.0,0.382,7.33
1069,bitcoin,BTC,Bitcoin,2016-04-01,1,416.76,418.17,415.83,417.96,51235700.0,6409540000.0,0.9103,2.34
1099,bitcoin,BTC,Bitcoin,2016-05-01,1,448.48,452.48,447.93,451.88,40660100.0,6947430000.0,0.8681,4.55
1130,bitcoin,BTC,Bitcoin,2016-06-01,1,531.11,543.08,525.64,536.92,86061800.0,8288680000.0,0.6468,17.44
1160,bitcoin,BTC,Bitcoin,2016-07-01,1,672.51,686.15,669.59,676.3,134431000.0,10570600000.0,0.4052,16.56
1191,bitcoin,BTC,Bitcoin,2016-08-01,1,624.6,626.12,605.88,606.27,121887000.0,9860620000.0,0.0193,20.24
1222,bitcoin,BTC,Bitcoin,2016-09-01,1,575.55,576.31,571.81,572.3,76923400.0,9118280000.0,0.1089,4.5
1252,bitcoin,BTC,Bitcoin,2016-10-01,1,609.93,615.24,609.93,613.98,56357000.0,9696280000.0,0.7627,5.31
1283,bitcoin,BTC,Bitcoin,2016-11-01,1,701.34,736.45,701.34,729.79,130527000.0,11187700000.0,0.8103,35.11
1313,bitcoin,BTC,Bitcoin,2016-12-01,1,746.05,758.27,746.05,756.77,80461900.0,11949200000.0,0.8773,12.22
1344,bitcoin,BTC,Bitcoin,2017-01-01,1,963.66,1003.08,958.7,998.33,147775000.0,15491200000.0,0.893,44.38
1375,bitcoin,BTC,Bitcoin,2017-02-01,1,970.94,989.11,970.74,989.02,150110000.0,15667900000.0,0.9951,18.37
1403,bitcoin,BTC,Bitcoin,2017-03-01,1,1180.04,1222.5,1179.69,1222.5,229057000.0,19104800000.0,1.0,42.81
1434,bitcoin,BTC,Bitcoin,2017-04-01,1,1071.71,1091.72,1061.09,1080.5,289634000.0,17413000000.0,0.6337,30.63
1464,bitcoin,BTC,Bitcoin,2017-05-01,1,1348.3,1434.32,1348.3,1421.6,713624000.0,21981800000.0,0.8521,86.02
1495,bitcoin,BTC,Bitcoin,2017-06-01,1,2288.33,2448.39,2288.33,2407.88,1653180000.0,37446200000.0,0.7469,160.06
1525,bitcoin,BTC,Bitcoin,2017-07-01,1,2492.6,2515.27,2419.23,2434.55,779914000.0,40928200000.0,0.1595,96.04
1556,bitcoin,BTC,Bitcoin,2017-08-01,1,2871.3,2921.35,2685.61,2718.26,1324670000.0,47321800000.0,0.1385,235.74
1587,bitcoin,BTC,Bitcoin,2017-09-01,1,4701.76,4892.01,4678.53,4892.01,2599080000.0,77748400000.0,1.0,213.48
1617,bitcoin,BTC,Bitcoin,2017-10-01,1,4341.05,4403.74,4269.81,4403.74,1208210000.0,72047300000.0,1.0,133.93
1648,bitcoin,BTC,Bitcoin,2017-11-01,1,6440.97,6767.31,6377.88,6767.31,2870320000.0,107287000000.0,1.0,389.43
1678,bitcoin,BTC,Bitcoin,2017-12-01,1,10198.6,11046.7,9694.65,10975.6,6783120000.0,170436000000.0,0.9474,1352.05
1709,bitcoin,BTC,Bitcoin,2018-01-01,1,14112.2,14112.2,13154.7,13657.2,10291200000.0,236725000000.0,0.5248,957.5
1740,bitcoin,BTC,Bitcoin,2018-02-01,1,10237.3,10288.8,8812.28,9170.54,9959400000.0,172372000000.0,0.2426,1476.52
1768,bitcoin,BTC,Bitcoin,2018-03-01,1,10385.0,11052.3,10352.7,10951.0,7317280000.0,175427000000.0,0.8552,699.6
1799,bitcoin,BTC,Bitcoin,2018-04-01,1,7003.06,7060.95,6526.87,6844.23,4532100000.0,118705000000.0,0.5942,534.08
1829,bitcoin,BTC,Bitcoin,2018-05-01,1,9251.47,9255.88,8891.05,9119.01,7713020000.0,157350000000.0,0.6248,364.83
1860,bitcoin,BTC,Bitcoin,2018-06-01,1,7500.7,7604.73,7407.34,7541.45,4921460000.0,128014000000.0,0.6794,197.39
1891,ethereum,ETH,Ethereum,2015-09-01,2,1.35,1.39,1.34,1.35,778862.0,98617200.0,0.2,0.05
1921,ethereum,ETH,Ethereum,2015-10-01,2,0.7343069999999999,0.7343069999999999,0.655906,0.6902149999999999,596084.0,54032300.0,0.4376,0.08
1952,ethereum,ETH,Ethereum,2015-11-01,2,0.920847,1.08,0.8990819999999999,1.06,588913.0,68477200.0,0.8895,0.18
1982,ethereum,ETH,Ethereum,2015-12-01,2,0.878316,0.8867360000000001,0.8539370000000001,0.8748,652857.0,65980000.0,0.6361,0.03
2013,ethereum,ETH,Ethereum,2016-01-01,2,0.9337120000000001,0.954822,0.931442,0.948024,206062.0,70870900.0,0.7092,0.02
2044,ethereum,ETH,Ethereum,2016-02-01,2,2.32,2.32,2.12,2.21,3994100.0,177881000.0,0.45,0.2
2073,ethereum,ETH,Ethereum,2016-03-01,2,6.32,7.91,6.31,7.65,23098100.0,489188000.0,0.8375,1.6
2104,ethereum,ETH,Ethereum,2016-04-01,2,11.4,11.85,11.4,11.66,11373100.0,896537000.0,0.5778,0.45
2134,ethereum,ETH,Ethereum,2016-05-01,2,8.78,9.01,8.43,8.85,16713800.0,698377000.0,0.7241,0.58
2165,ethereum,ETH,Ethereum,2016-06-01,2,14.11,14.32,13.44,14.0,22471300.0,1136900000.0,0.6364,0.88
2195,ethereum,ETH,Ethereum,2016-07-01,2,12.44,12.49,11.73,12.2,17236500.0,1014220000.0,0.6184,0.76
2226,ethereum,ETH,Ethereum,2016-08-01,2,11.89,12.01,10.94,10.94,23999500.0,981735000.0,0.0,1.07
2257,ethereum,ETH,Ethereum,2016-09-01,2,11.67,12.58,11.65,11.99,24051500.0,974844000.0,0.3656,0.93
2287,ethereum,ETH,Ethereum,2016-10-01,2,13.2,13.31,13.05,13.17,6331160.0,1115690000.0,0.4615,0.26
2318,ethereum,ETH,Ethereum,2016-11-01,2,10.96,11.18,10.3,10.77,22901300.0,937123000.0,0.5341,0.88
2348,ethereum,ETH,Ethereum,2016-12-01,2,8.6,8.65,8.36,8.45,5882340.0,743882000.0,0.3103,0.29
2379,ethereum,ETH,Ethereum,2017-01-01,2,7.98,8.47,7.98,8.17,14731700.0,698149000.0,0.3878,0.49
2410,ethereum,ETH,Ethereum,2017-02-01,2,10.74,10.85,10.56,10.73,12852200.0,949969000.0,0.5862,0.29
2438,ethereum,ETH,Ethereum,2017-03-01,2,15.85,17.37,15.56,17.35,44927500.0,1415510000.0,0.9890000000000001,1.81
2469,ethereum,ETH,Ethereum,2017-04-01,2,50.03,51.93,48.88,50.7,92461900.0,4517510000.0,0.5967,3.05
2499,ethereum,ETH,Ethereum,2017-05-01,2,79.32,82.52,73.09,76.3,376842000.0,7234070000.0,0.3404,9.43
2530,ethereum,ETH,Ethereum,2017-06-01,2,230.89,236.22,214.48,222.24,812924000.0,21264800000.0,0.3569,21.74
2560,ethereum,ETH,Ethereum,2017-07-01,2,293.35,293.75,268.62,274.6,1089200000.0,27259400000.0,0.23800000000000002,25.13
2591,ethereum,ETH,Ethereum,2017-08-01,2,204.69,227.74,204.69,226.77,1585330000.0,19179100000.0,0.9579,23.05
2622,ethereum,ETH,Ethereum,2017-09-01,2,383.47,390.04,383.47,387.74,874222000.0,36182900000.0,0.6499,6.57
2652,ethereum,ETH,Ethereum,2017-10-01,2,301.55,303.19,295.06,302.34,306185000.0,28615200000.0,0.8954,8.13
2683,ethereum,ETH,Ethereum,2017-11-01,2,305.76,306.4,290.58,291.69,553864000.0,29183600000.0,0.0702,15.82
2713,ethereum,ETH,Ethereum,2017-12-01,2,445.21,472.61,428.31,466.54,1247880000.0,42765000000.0,0.863,44.3
2744,ethereum,ETH,Ethereum,2018-01-01,2,755.76,782.53,742.0,772.64,2595760000.0,73075800000.0,0.7559999999999999,40.53
2775,ethereum,ETH,Ethereum,2018-02-01,2,1119.37,1161.35,984.82,1036.79,5261680000.0,108952000000.0,0.2944,176.53
2803,ethereum,ETH,Ethereum,2018-03-01,2,856.01,880.3,851.92,872.2,1868520000.0,83808200000.0,0.7146,28.38
2834,ethereum,ETH,Ethereum,2018-04-01,2,397.25,400.53,363.81,379.61,1256930000.0,39144700000.0,0.4303,36.72
2864,ethereum,ETH,Ethereum,2018-05-01,2,670.46,674.4,637.54,673.61,2678960000.0,66477200000.0,0.9786,36.86
2895,ethereum,ETH,Ethereum,2018-06-01,2,578.67,589.09,567.66,580.04,1945890000.0,57745700000.0,0.5777,21.43
2929,ripple,XRP,Ripple,2013-09-01,3,0.0056229999999999995,0.005872,0.005574,0.005787,0.0,43960300.0,0.7148,0.0
2959,ripple,XRP,Ripple,2013-10-01,3,0.010906,0.012447,0.010517,0.010529,0.0,85261900.0,0.0062,0.0
2990,ripple,XRP,Ripple,2013-11-01,3,0.006075,0.0063560000000000005,0.006024,0.006353,0.0,47494500.0,0.991,0.0
3020,ripple,XRP,Ripple,2013-12-01,3,0.03916,0.055028999999999995,0.03916,0.051497,0.0,306152000.0,0.7774,0.02
3051,ripple,XRP,Ripple,2014-01-01,3,0.027364999999999997,0.02781,0.026815,0.026944,58533.0,213937000.0,0.1296,0.0
3082,ripple,XRP,Ripple,2014-02-01,3,0.020519,0.021141999999999998,0.020432,0.020697999999999998,123949.0,160418000.0,0.3746,0.0
3110,ripple,XRP,Ripple,2014-03-01,3,0.013687000000000001,0.013992,0.013483000000000002,0.013799,111575.0,107003000.0,0.6208,0.0
3141,ripple,XRP,Ripple,2014-04-01,3,0.008785,0.009319,0.008588,0.008757,172709.0,68678000.0,0.2312,0.0
3171,ripple,XRP,Ripple,2014-05-01,3,0.005364,0.005465,0.005334,0.005413,167861.0,41933900.0,0.6031,0.0
3202,ripple,XRP,Ripple,2014-06-01,3,0.004145,0.004331000000000001,0.003922,0.004092,246244.0,32404200.0,0.4156,0.0
3232,ripple,XRP,Ripple,2014-07-01,3,0.0037799999999999995,0.004213000000000001,0.003618,0.0036229999999999995,241870.0,29549400.0,0.0084,0.0
3263,ripple,XRP,Ripple,2014-08-01,3,0.005183,0.005369,0.005111,0.005369,393153.0,42771000.0,1.0,0.0
3294,ripple,XRP,Ripple,2014-09-01,3,0.004886,0.005047,0.0048850000000000005,0.005025,267095.0,141641000.0,0.8642,0.0
3324,ripple,XRP,Ripple,2014-10-01,3,0.004645000000000001,0.004772,0.004644,0.004752,64998.0,134654000.0,0.8438,0.0
3355,ripple,XRP,Ripple,2014-11-01,3,0.0048649999999999995,0.004879,0.004636,0.004671,190204.0,141038000.0,0.14400000000000002,0.0
3385,ripple,XRP,Ripple,2014-12-01,3,0.011204,0.012572,0.008105,0.012559,3453750.0,345989000.0,0.9971,0.0
3416,ripple,XRP,Ripple,2015-01-01,3,0.024455,0.024455,0.024205,0.024390000000000002,399022.0,757566000.0,0.74,0.0
3447,ripple,XRP,Ripple,2015-02-01,3,0.014286000000000002,0.014331,0.014088,0.014138999999999999,852106.0,442562000.0,0.2099,0.0
3475,ripple,XRP,Ripple,2015-03-01,3,0.012991999999999998,0.012991999999999998,0.012142,0.012239,1496970.0,414565000.0,0.1141,0.0
3506,ripple,XRP,Ripple,2015-04-01,3,0.007772,0.007772,0.007564,0.007668,708058.0,247992000.0,0.5,0.0
3536,ripple,XRP,Ripple,2015-05-01,3,0.008034999999999999,0.00808,0.008018,0.008018,663959.0,256371000.0,0.0,0.0
3567,ripple,XRP,Ripple,2015-06-01,3,0.008276,0.008295,0.007562999999999999,0.007579000000000001,777565.0,264068000.0,0.0219,0.0
3597,ripple,XRP,Ripple,2015-07-01,3,0.011317,0.011406,0.011027,0.011198,558248.0,361122000.0,0.4512,0.0
3628,ripple,XRP,Ripple,2015-08-01,3,0.008438,0.008440999999999999,0.00822,0.008222,196429.0,269260000.0,0.009000000000000001,0.0
3659,ripple,XRP,Ripple,2015-09-01,3,0.007884,0.007888,0.007770999999999999,0.007815,401903.0,256140000.0,0.3761,0.0
3689,ripple,XRP,Ripple,2015-10-01,3,0.005518,0.00554,0.0054280000000000005,0.005448,557597.0,179271000.0,0.1786,0.0
3720,ripple,XRP,Ripple,2015-11-01,3,0.004685,0.004918,0.0046630000000000005,0.004901,490105.0,155335000.0,0.9333,0.0
3750,ripple,XRP,Ripple,2015-12-01,3,0.004202,0.004208,0.004054,0.00409,312401.0,140912000.0,0.2338,0.0
3781,ripple,XRP,Ripple,2016-01-01,3,0.00604,0.006044,0.005933,0.005954999999999999,211767.0,202562000.0,0.1982,0.0
3812,ripple,XRP,Ripple,2016-02-01,3,0.006398,0.006551,0.006365999999999999,0.006542,830380.0,217038000.0,0.9514,0.0
3841,ripple,XRP,Ripple,2016-03-01,3,0.007923000000000001,0.008020000000000001,0.007923000000000001,0.008006000000000001,738772.0,270088000.0,0.8557,0.0
3872,ripple,XRP,Ripple,2016-04-01,3,0.007391,0.00748,0.007391,0.007418000000000001,827273.0,254546000.0,0.3034,0.0
3902,ripple,XRP,Ripple,2016-05-01,3,0.006812,0.0068189999999999995,0.006789,0.006790999999999999,241733.0,237517000.0,0.0667,0.0
3933,ripple,XRP,Ripple,2016-06-01,3,0.0057009999999999995,0.0058119999999999995,0.00569,0.005809,1018470.0,198784000.0,0.9754,0.0
3963,ripple,XRP,Ripple,2016-07-01,3,0.006651000000000001,0.006837,0.006633,0.0067870000000000005,993538.0,235073000.0,0.7549,0.0
3994,ripple,XRP,Ripple,2016-08-01,3,0.005942,0.005942,0.0059039999999999995,0.005906000000000001,958956.0,211241000.0,0.0526,0.0
4025,ripple,XRP,Ripple,2016-09-01,3,0.006013,0.00603,0.00598,0.005984000000000001,660021.0,213837000.0,0.08,0.0
4055,ripple,XRP,Ripple,2016-10-01,3,0.008839,0.008848,0.008186,0.008205,5895530.0,313570000.0,0.0287,0.0
4086,ripple,XRP,Ripple,2016-11-01,3,0.008197,0.008259,0.008083,0.008102,1875440.0,291237000.0,0.10800000000000001,0.0
4116,ripple,XRP,Ripple,2016-12-01,3,0.006723000000000001,0.006737000000000001,0.006702,0.006702,1142000.0,241183000.0,0.0,0.0
4147,ripple,XRP,Ripple,2017-01-01,3,0.006523,0.006702,0.006334,0.006368,418978.0,237032000.0,0.0924,0.0
4178,ripple,XRP,Ripple,2017-02-01,3,0.006311,0.006642,0.006249,0.006540000000000001,1836820.0,232609000.0,0.7405,0.0
4206,ripple,XRP,Ripple,2017-03-01,3,0.005525,0.005547,0.005372,0.005408,1630460.0,205222000.0,0.2057,0.0
4237,ripple,XRP,Ripple,2017-04-01,3,0.021743000000000002,0.022798,0.019663999999999997,0.021892,30657700.0,812963000.0,0.7109,0.0
4267,ripple,XRP,Ripple,2017-05-01,3,0.051579999999999994,0.057779,0.049317,0.055115,61730100.0,1954090000.0,0.6852,0.01
4298,ripple,XRP,Ripple,2017-06-01,3,0.243946,0.33679699999999996,0.243946,0.33365700000000004,588819000.0,9330770000.0,0.9662,0.09
4328,ripple,XRP,Ripple,2017-07-01,3,0.262855,0.26305300000000004,0.25296599999999997,0.254744,53611000.0,10065100000.0,0.1763,0.01
4359,ripple,XRP,Ripple,2017-08-01,3,0.168024,0.178332,0.166124,0.177053,119957000.0,6440860000.0,0.8952,0.01
4390,ripple,XRP,Ripple,2017-09-01,3,0.255803,0.256162,0.243833,0.248479,283576000.0,9808460000.0,0.3768,0.01
4420,ripple,XRP,Ripple,2017-10-01,3,0.197622,0.20718499999999998,0.19617,0.20653200000000002,51345500.0,7577590000.0,0.9407,0.01
4451,ripple,XRP,Ripple,2017-11-01,3,0.200247,0.20150099999999999,0.193613,0.194124,67921000.0,7715840000.0,0.0648,0.01
4481,ripple,XRP,Ripple,2017-12-01,3,0.250352,0.258828,0.239438,0.25569899999999995,182992000.0,9669290000.0,0.8386,0.02
4512,ripple,XRP,Ripple,2018-01-01,3,2.3,2.39,2.15,2.39,1894230000.0,88945900000.0,1.0,0.24
4543,ripple,XRP,Ripple,2018-02-01,3,1.16,1.16,0.930378,0.9625299999999999,1410420000.0,44971500000.0,0.14,0.23
4571,ripple,XRP,Ripple,2018-03-01,3,0.9041309999999999,0.9537959999999999,0.8906299999999999,0.9283469999999999,475257000.0,35346800000.0,0.5971,0.06
4602,ripple,XRP,Ripple,2018-04-01,3,0.513854,0.515437,0.46622299999999994,0.48508100000000004,297869000.0,20088900000.0,0.3832,0.05
4632,ripple,XRP,Ripple,2018-05-01,3,0.838355,0.8420690000000001,0.797826,0.841407,630809000.0,32818400000.0,0.985,0.04
4663,ripple,XRP,Ripple,2018-06-01,3,0.612893,0.6248239999999999,0.609069,0.623364,263088000.0,24019200000.0,0.9073,0.02
4678,bitcoin-cash,BCH,Bitcoin Cash,2017-08-01,4,294.6,426.11,210.38,380.01,65988800.0,0.0,0.7863,215.73
4709,bitcoin-cash,BCH,Bitcoin Cash,2017-09-01,4,588.4,645.52,586.73,622.17,393839000.0,9740460000.0,0.6028,58.79
4739,bitcoin-cash,BCH,Bitcoin Cash,2017-10-01,4,433.38,436.94,415.15,415.15,164290000.0,7207770000.0,0.0,21.79
4770,bitcoin-cash,BCH,Bitcoin Cash,2017-11-01,4,438.3,538.26,437.91,531.83,1152230000.0,7342250000.0,0.9359,100.35
4800,bitcoin-cash,BCH,Bitcoin Cash,2017-12-01,4,1381.81,1482.68,1300.46,1462.68,965151000.0,23257100000.0,0.8902,182.22
4831,bitcoin-cash,BCH,Bitcoin Cash,2018-01-01,4,2534.82,2534.86,2389.52,2432.54,922813000.0,42804800000.0,0.29600000000000004,145.34
4862,bitcoin-cash,BCH,Bitcoin Cash,2018-02-01,4,1491.12,1503.3,1214.88,1274.35,678020000.0,25263200000.0,0.2062,288.42
4890,bitcoin-cash,BCH,Bitcoin Cash,2018-03-01,4,1204.84,1303.45,1195.03,1291.92,482240000.0,20473600000.0,0.8937,108.42
4921,bitcoin-cash,BCH,Bitcoin Cash,2018-04-01,4,688.01,699.05,629.93,643.03,318440000.0,11729600000.0,0.1895,69.12
4951,bitcoin-cash,BCH,Bitcoin Cash,2018-05-01,4,1348.64,1351.28,1261.6,1351.28,774633000.0,23065700000.0,1.0,89.68
4982,bitcoin-cash,BCH,Bitcoin Cash,2018-06-01,4,995.66,1010.34,979.83,1002.92,538528000.0,17084100000.0,0.7568,30.51
4988,eos,EOS,EOS,2017-07-01,5,1.03,1.07,0.989566,1.01,13613000.0,0.0,0.254,0.08
5019,eos,EOS,EOS,2017-08-01,5,1.75,1.81,1.68,1.78,39175500.0,442971000.0,0.7692,0.13
5050,eos,EOS,EOS,2017-09-01,5,1.3,1.33,1.26,1.3,25853000.0,415441000.0,0.5714,0.07
5080,eos,EOS,EOS,2017-10-01,5,0.721765,0.725224,0.674128,0.7077600000000001,8938190.0,272363000.0,0.6582,0.05
5111,eos,EOS,EOS,2017-11-01,5,0.785862,1.27,0.758617,1.05,74917400.0,345787000.0,0.5698,0.51
5141,eos,EOS,EOS,2017-12-01,5,2.83,3.24,2.73,3.24,74402000.0,1443760000.0,1.0,0.51
5172,eos,EOS,EOS,2018-01-01,5,8.77,9.11,8.51,8.84,331073000.0,5041600000.0,0.55,0.6
5203,eos,EOS,EOS,2018-02-01,5,12.24,12.4,9.9,10.21,919859000.0,7826060000.0,0.124,2.5
5231,eos,EOS,EOS,2018-03-01,5,8.39,8.63,8.3,8.63,214126000.0,5859140000.0,1.0,0.33
5262,eos,EOS,EOS,2018-04-01,5,6.0,6.04,5.25,5.66,401303000.0,4580830000.0,0.519,0.79
5292,eos,EOS,EOS,2018-05-01,5,17.67,19.08,16.31,18.95,3330130000.0,14610700000.0,0.9531,2.77
5323,eos,EOS,EOS,2018-06-01,5,12.29,12.4,11.99,12.31,1058150000.0,10956700000.0,0.7805,0.41
5332,litecoin,LTC,Litecoin,2013-05-01,6,4.29,4.36,3.52,3.8,0.0,73901200.0,0.3333,0.84
5363,litecoin,LTC,Litecoin,2013-06-01,6,2.94,2.97,2.8,2.83,0.0,53372200.0,0.1765,0.17
5393,litecoin,LTC,Litecoin,2013-07-01,6,3.01,3.3,2.88,2.95,0.0,57266300.0,0.1667,0.42
5424,litecoin,LTC,Litecoin,2013-08-01,6,2.87,3.01,2.85,2.91,0.0,57264600.0,0.375,0.16
5455,litecoin,LTC,Litecoin,2013-09-01,6,2.59,2.76,2.54,2.58,0.0,53981600.0,0.1818,0.22
5485,litecoin,LTC,Litecoin,2013-10-01,6,2.34,2.51,2.33,2.42,0.0,50834400.0,0.5,0.18
5516,litecoin,LTC,Litecoin,2013-11-01,6,2.34,2.48,2.33,2.45,0.0,52967400.0,0.8,0.15
5546,litecoin,LTC,Litecoin,2013-12-01,6,40.57,42.03,27.86,34.74,0.0,953397000.0,0.4855,14.17
5577,litecoin,LTC,Litecoin,2014-01-01,6,24.35,25.01,24.31,24.62,8092540.0,595241000.0,0.4429,0.7
5608,litecoin,LTC,Litecoin,2014-02-01,6,22.1,23.38,22.08,22.47,6694190.0,559715000.0,0.3,1.3
5636,litecoin,LTC,Litecoin,2014-03-01,6,13.23,13.82,13.04,13.65,3267220.0,345571000.0,0.7821,0.78
5667,litecoin,LTC,Litecoin,2014-04-01,6,12.77,13.67,12.76,13.13,7346120.0,345810000.0,0.4066,0.91
5697,litecoin,LTC,Litecoin,2014-05-01,6,10.93,11.38,10.9,11.1,4444330.0,305458000.0,0.4167,0.48
5728,litecoin,LTC,Litecoin,2014-06-01,6,10.93,11.56,10.89,11.14,7308220.0,315445000.0,0.3731,0.67
5758,litecoin,LTC,Litecoin,2014-07-01,6,8.96,9.03,7.79,7.79,6485840.0,266885000.0,0.0,1.24
5789,litecoin,LTC,Litecoin,2014-08-01,6,7.54,7.78,7.45,7.7,1849420.0,231533000.0,0.7576,0.33
5820,litecoin,LTC,Litecoin,2014-09-01,6,4.86,4.96,4.71,4.71,2185090.0,153547000.0,0.0,0.25
5850,litecoin,LTC,Litecoin,2014-10-01,6,4.47,4.5,4.38,4.43,1172180.0,145326000.0,0.4167,0.12
5881,litecoin,LTC,Litecoin,2014-11-01,6,3.76,3.76,3.56,3.57,2476220.0,125479000.0,0.05,0.2
5911,litecoin,LTC,Litecoin,2014-12-01,6,3.58,3.61,3.57,3.58,1275120.0,122616000.0,0.25,0.04
5942,litecoin,LTC,Litecoin,2015-01-01,6,2.72,2.72,2.69,2.7,770693.0,95896300.0,0.3333,0.03
5973,litecoin,LTC,Litecoin,2015-02-01,6,1.88,1.88,1.68,1.8,2661610.0,67769100.0,0.6,0.2
6001,litecoin,LTC,Litecoin,2015-03-01,6,1.85,1.91,1.81,1.89,1697220.0,68053900.0,0.8,0.1
6032,litecoin,LTC,Litecoin,2015-04-01,6,1.65,1.68,1.63,1.66,1245880.0,62351500.0,0.6,0.05
6062,litecoin,LTC,Litecoin,2015-05-01,6,1.44,1.45,1.41,1.41,1169670.0,55731500.0,0.0,0.04
6093,litecoin,LTC,Litecoin,2015-06-01,6,1.64,1.68,1.59,1.62,1998470.0,64744100.0,0.3333,0.09
6123,litecoin,LTC,Litecoin,2015-07-01,6,4.09,4.11,3.84,3.92,7113180.0,164994000.0,0.2963,0.27
6154,litecoin,LTC,Litecoin,2015-08-01,6,4.64,4.64,4.07,4.15,6284530.0,191524000.0,0.1404,0.57
6185,litecoin,LTC,Litecoin,2015-09-01,6,2.85,2.88,2.81,2.82,1376040.0,119819000.0,0.1429,0.07
6215,litecoin,LTC,Litecoin,2015-10-01,6,3.01,3.05,2.96,3.0,1644010.0,128156000.0,0.4444,0.09
6246,litecoin,LTC,Litecoin,2015-11-01,6,3.82,3.99,3.77,3.96,3801480.0,163929000.0,0.8636,0.22
6276,litecoin,LTC,Litecoin,2015-12-01,6,3.63,3.64,3.4,3.43,2841630.0,157352000.0,0.125,0.24
6307,litecoin,LTC,Litecoin,2016-01-01,6,3.48,3.53,3.47,3.51,2791170.0,152570000.0,0.6667,0.06
6338,litecoin,LTC,Litecoin,2016-02-01,6,3.07,3.1,3.06,3.08,1502430.0,136125000.0,0.5,0.04
6367,litecoin,LTC,Litecoin,2016-03-01,6,3.45,3.45,3.41,3.43,1133580.0,154187000.0,0.5,0.04
6398,litecoin,LTC,Litecoin,2016-04-01,6,3.25,3.26,3.23,3.24,1316230.0,146576000.0,0.3333,0.03
6428,litecoin,LTC,Litecoin,2016-05-01,6,3.66,3.72,3.64,3.71,1911590.0,166735000.0,0.875,0.08
6459,litecoin,LTC,Litecoin,2016-06-01,6,4.65,4.77,4.62,4.74,4577160.0,214171000.0,0.8,0.15
6489,litecoin,LTC,Litecoin,2016-07-01,6,4.19,4.33,4.18,4.26,6987180.0,194823000.0,0.5333,0.15
6520,litecoin,LTC,Litecoin,2016-08-01,6,4.06,4.06,3.86,3.86,1991690.0,190585000.0,0.0,0.2
6551,litecoin,LTC,Litecoin,2016-09-01,6,3.8,3.85,3.79,3.83,2241890.0,179752000.0,0.6667,0.06
6581,litecoin,LTC,Litecoin,2016-10-01,6,3.85,3.86,3.84,3.85,1426340.0,183883000.0,0.5,0.02
6612,litecoin,LTC,Litecoin,2016-11-01,6,4.0,4.15,3.99,4.09,4714890.0,192875000.0,0.625,0.16
6642,litecoin,LTC,Litecoin,2016-12-01,6,3.91,3.92,3.89,3.91,1985600.0,190306000.0,0.6667,0.03
6673,litecoin,LTC,Litecoin,2017-01-01,6,4.33,4.52,4.33,4.51,11337500.0,212691000.0,0.9474,0.19
6704,litecoin,LTC,Litecoin,2017-02-01,6,4.08,4.13,4.03,4.08,7753930.0,202128000.0,0.5,0.1
6732,litecoin,LTC,Litecoin,2017-03-01,6,3.77,3.81,3.76,3.8,4405000.0,188623000.0,0.8,0.05
6763,litecoin,LTC,Litecoin,2017-04-01,6,6.65,6.98,6.31,6.88,57711700.0,335526000.0,0.8507,0.67
6793,litecoin,LTC,Litecoin,2017-05-01,6,15.71,16.37,14.88,15.92,66989400.0,799215000.0,0.698,1.49
6824,litecoin,LTC,Litecoin,2017-06-01,6,25.34,29.62,25.3,28.8,420473000.0,1301540000.0,0.8102,4.32
6854,litecoin,LTC,Litecoin,2017-07-01,6,40.4,40.58,38.47,38.99,225507000.0,2092370000.0,0.2464,2.11
6885,litecoin,LTC,Litecoin,2017-08-01,6,43.02,43.77,41.09,43.04,203656000.0,2248110000.0,0.7276,2.68
6916,litecoin,LTC,Litecoin,2017-09-01,6,70.86,87.41,70.01,86.04,1551740000.0,3735870000.0,0.9213,17.4
6946,litecoin,LTC,Litecoin,2017-10-01,6,55.14,55.16,53.63,54.54,100183000.0,2931740000.0,0.5948,1.53
6977,litecoin,LTC,Litecoin,2017-11-01,6,55.74,55.74,53.18,53.18,112759000.0,2989140000.0,0.0,2.56
7007,litecoin,LTC,Litecoin,2017-12-01,6,88.0,100.41,83.74,99.0,561343000.0,4758600000.0,0.9154,16.67
7038,litecoin,LTC,Litecoin,2018-01-01,6,231.67,236.63,222.2,229.03,633142000.0,12639700000.0,0.4733,14.43
7069,litecoin,LTC,Litecoin,2018-02-01,6,163.68,165.81,131.55,142.3,539880000.0,9004330000.0,0.3138,34.26
7097,litecoin,LTC,Litecoin,2018-03-01,6,203.12,214.7,201.54,209.75,678542000.0,11257600000.0,0.6239,13.16
7128,litecoin,LTC,Litecoin,2018-04-01,6,116.91,117.83,110.52,115.22,274182000.0,6532610000.0,0.643,7.31
7158,litecoin,LTC,Litecoin,2018-05-01,6,148.34,148.54,143.94,148.49,342152000.0,8355630000.0,0.9891,4.6
7189,litecoin,LTC,Litecoin,2018-06-01,6,118.03,120.2,117.12,119.92,290886000.0,6701530000.0,0.9091,3.08
7222,stellar,XLM,Stellar,2014-09-01,7,0.002061,0.002098,0.001999,0.00201,27975.0,2149450.0,0.1111,0.0
7252,stellar,XLM,Stellar,2014-10-01,7,0.003221,0.003283,0.002798,0.00288,70180.0,4147990.0,0.1691,0.0
7283,stellar,XLM,Stellar,2014-11-01,7,0.001686,0.001693,0.001525,0.0015480000000000001,494272.0,2508800.0,0.1369,0.0
7313,stellar,XLM,Stellar,2014-12-01,7,0.002211,0.002681,0.002133,0.002541,73122.0,7832720.0,0.7445,0.0
7344,stellar,XLM,Stellar,2015-01-01,7,0.005517,0.0055509999999999995,0.005406,0.005493,20514.0,19624300.0,0.6,0.0
7375,stellar,XLM,Stellar,2015-02-01,7,0.004325,0.00439,0.003901,0.004142,70975.0,15527200.0,0.4928,0.0
7403,stellar,XLM,Stellar,2015-03-01,7,0.003047,0.003052,0.002781,0.002781,17782.0,11020100.0,0.0,0.0
7434,stellar,XLM,Stellar,2015-04-01,7,0.002874,0.00288,0.002735,0.002803,10523.0,12346900.0,0.469,0.0
7464,stellar,XLM,Stellar,2015-05-01,7,0.002735,0.002779,0.002647,0.002647,5405.0,13191700.0,0.0,0.0
7495,stellar,XLM,Stellar,2015-06-01,7,0.003397,0.003407,0.0030670000000000003,0.003073,20681.0,16432800.0,0.0176,0.0
7525,stellar,XLM,Stellar,2015-07-01,7,0.003469,0.003486,0.0033659999999999996,0.0034579999999999997,13853.0,16782500.0,0.7667,0.0
7556,stellar,XLM,Stellar,2015-08-01,7,0.0026449999999999998,0.00275,0.00259,0.0026420000000000003,11103.0,12792500.0,0.325,0.0
7587,stellar,XLM,Stellar,2015-09-01,7,0.002478,0.002549,0.00242,0.002435,4818.0,11986800.0,0.1163,0.0
7617,stellar,XLM,Stellar,2015-10-01,7,0.001984,0.0022530000000000002,0.0019199999999999998,0.002224,12894.0,9596740.0,0.9129,0.0
7648,stellar,XLM,Stellar,2015-11-01,7,0.00216,0.0022370000000000003,0.002045,0.002128,10484.0,10450300.0,0.4323,0.0
7678,stellar,XLM,Stellar,2015-12-01,7,0.001721,0.001739,0.0016059999999999998,0.001739,4810.0,8324030.0,1.0,0.0
7709,stellar,XLM,Stellar,2016-01-01,7,0.0017519999999999999,0.001766,0.001549,0.001748,4947.0,8472820.0,0.9171,0.0
7740,stellar,XLM,Stellar,2016-02-01,7,0.0017760000000000002,0.001812,0.001744,0.0017920000000000002,14159.0,8591390.0,0.7059,0.0
7769,stellar,XLM,Stellar,2016-03-01,7,0.0019489999999999998,0.0020050000000000003,0.0019030000000000002,0.0019089999999999999,15994.0,9427770.0,0.0588,0.0
7800,stellar,XLM,Stellar,2016-04-01,7,0.002026,0.002054,0.001993,0.0020469999999999998,20022.0,11112600.0,0.8852,0.0
7830,stellar,XLM,Stellar,2016-05-01,7,0.001852,0.001906,0.001841,0.001883,6884.0,10158800.0,0.6462,0.0
7861,stellar,XLM,Stellar,2016-06-01,7,0.001542,0.0015480000000000001,0.0014810000000000001,0.001525,24848.0,8461280.0,0.6567,0.0
7891,stellar,XLM,Stellar,2016-07-01,7,0.002117,0.0021219999999999998,0.002015,0.0020350000000000004,77519.0,11615800.0,0.1869,0.0
7922,stellar,XLM,Stellar,2016-08-01,7,0.0019149999999999998,0.001956,0.0018739999999999998,0.0018739999999999998,44883.0,10824100.0,0.0,0.0
7953,stellar,XLM,Stellar,2016-09-01,7,0.001906,0.00193,0.001875,0.001887,25272.0,10776700.0,0.2182,0.0
7983,stellar,XLM,Stellar,2016-10-01,7,0.002839,0.002927,0.002706,0.002763,187694.0,17298900.0,0.2579,0.0
8014,stellar,XLM,Stellar,2016-11-01,7,0.002088,0.002088,0.001929,0.0019760000000000003,39128.0,14308400.0,0.2956,0.0
8044,stellar,XLM,Stellar,2016-12-01,7,0.001629,0.0016719999999999999,0.0015429999999999999,0.0016190000000000002,60747.0,11164200.0,0.5891,0.0
8075,stellar,XLM,Stellar,2017-01-01,7,0.002464,0.002575,0.002432,0.0024809999999999997,39325.0,17052000.0,0.3427,0.0
8106,stellar,XLM,Stellar,2017-02-01,7,0.0023539999999999998,0.002414,0.002303,0.002357,60079.0,16290400.0,0.4865,0.0
8134,stellar,XLM,Stellar,2017-03-01,7,0.001842,0.001872,0.001628,0.0017239999999999998,263991.0,12872900.0,0.3934,0.0
8165,stellar,XLM,Stellar,2017-04-01,7,0.002349,0.00271,0.00232,0.0026309999999999997,1708130.0,16425600.0,0.7974,0.0
8195,stellar,XLM,Stellar,2017-05-01,7,0.004835,0.005804999999999999,0.004654,0.005138,6020040.0,45049600.0,0.4205,0.0
8226,stellar,XLM,Stellar,2017-06-01,7,0.034424,0.044108,0.034347,0.043069,46517700.0,332674000.0,0.8936,0.01
8256,stellar,XLM,Stellar,2017-07-01,7,0.026958999999999997,0.028074,0.023388,0.024465999999999998,9301920.0,277895000.0,0.23,0.0
8287,stellar,XLM,Stellar,2017-08-01,7,0.016102,0.017955000000000002,0.015865999999999998,0.017933,7577370.0,174282000.0,0.9895,0.0
8318,stellar,XLM,Stellar,2017-09-01,7,0.022338,0.024472,0.021455000000000002,0.023954,8806440.0,370517000.0,0.8283,0.0
8348,stellar,XLM,Stellar,2017-10-01,7,0.013812999999999999,0.013863999999999998,0.013383,0.013687999999999999,1534340.0,229128000.0,0.6341,0.0
8379,stellar,XLM,Stellar,2017-11-01,7,0.029387,0.030124,0.027213,0.027353,14361700.0,487471000.0,0.0481,0.0
8409,stellar,XLM,Stellar,2017-12-01,7,0.072181,0.091459,0.071534,0.089883,102074000.0,1282140000.0,0.9209,0.02
8440,stellar,XLM,Stellar,2018-01-01,7,0.36042199999999996,0.523593,0.36042199999999996,0.480008,669372000.0,6436760000.0,0.7329,0.16
8471,stellar,XLM,Stellar,2018-02-01,7,0.540834,0.54297,0.42968,0.456455,172407000.0,9967480000.0,0.2363,0.11
8499,stellar,XLM,Stellar,2018-03-01,7,0.33411799999999997,0.347566,0.321558,0.339314,46631800.0,6170520000.0,0.6827,0.03
8530,stellar,XLM,Stellar,2018-04-01,7,0.207723,0.21339,0.19068800000000002,0.20658200000000002,43075500.0,3853390000.0,0.7001,0.02
8560,stellar,XLM,Stellar,2018-05-01,7,0.425853,0.45123800000000003,0.397226,0.439733,152906000.0,7908680000.0,0.787,0.05
8591,stellar,XLM,Stellar,2018-06-01,7,0.296535,0.299187,0.28321599999999997,0.290022,62207300.0,5509350000.0,0.4261,0.02
8597,cardano,ADA,Cardano,2017-10-01,8,0.021678,0.032226,0.017353999999999998,0.024968999999999998,50068700.0,0.0,0.512,0.01
8628,cardano,ADA,Cardano,2017-11-01,8,0.029126,0.029219,0.022986000000000003,0.022986000000000003,9382780.0,755165000.0,0.0,0.01
8658,cardano,ADA,Cardano,2017-12-01,8,0.116622,0.131352,0.11303099999999999,0.131352,73657600.0,3023680000.0,1.0,0.02
8689,cardano,ADA,Cardano,2018-01-01,8,0.718847,0.730051,0.671941,0.728657,150186000.0,18637600000.0,0.976,0.06
8720,cardano,ADA,Cardano,2018-02-01,8,0.515912,0.5353220000000001,0.412045,0.42167200000000005,595624000.0,13376100000.0,0.0781,0.12
8748,cardano,ADA,Cardano,2018-03-01,8,0.311973,0.311973,0.288392,0.304397,184691000.0,8088540000.0,0.6787,0.02
8779,cardano,ADA,Cardano,2018-04-01,8,0.15659700000000001,0.160825,0.141343,0.150768,100833000.0,4060110000.0,0.4838,0.02
8809,cardano,ADA,Cardano,2018-05-01,8,0.342953,0.363261,0.323701,0.358693,365522000.0,8891770000.0,0.8845,0.04
8840,cardano,ADA,Cardano,2018-06-01,8,0.22453299999999998,0.22918400000000003,0.216955,0.222507,130538000.0,5821490000.0,0.45399999999999996,0.01
8864,iota,MIOTA,IOTA,2017-07-01,9,0.40229499999999996,0.414192,0.38148899999999997,0.38963000000000003,2334640.0,1118190000.0,0.2489,0.03
8895,iota,MIOTA,IOTA,2017-08-01,9,0.25666500000000003,0.296267,0.249623,0.29022,5169910.0,713408000.0,0.8704,0.05
8926,iota,MIOTA,IOTA,2017-09-01,9,0.842867,0.8791,0.768119,0.807778,28047000.0,2342770000.0,0.3573,0.11
8956,iota,MIOTA,IOTA,2017-10-01,9,0.62175,0.628776,0.592742,0.610183,8576220.0,1728170000.0,0.484,0.04
8987,iota,MIOTA,IOTA,2017-11-01,9,0.390863,0.390863,0.35669,0.36391999999999997,11944600.0,1086410000.0,0.2116,0.03
9017,iota,MIOTA,IOTA,2017-12-01,9,1.31,1.49,1.23,1.45,141192000.0,3639440000.0,0.8462,0.26
9048,iota,MIOTA,IOTA,2018-01-01,9,3.56,4.36,3.42,3.97,256630000.0,9883750000.0,0.5851,0.94
9079,iota,MIOTA,IOTA,2018-02-01,9,2.31,2.33,1.75,1.91,108876000.0,6419970000.0,0.2759,0.58
9107,iota,MIOTA,IOTA,2018-03-01,9,1.85,2.01,1.84,1.97,41523600.0,5152710000.0,0.7647,0.17
9138,iota,MIOTA,IOTA,2018-04-01,9,1.08,1.1,0.956615,0.994798,35953200.0,3004660000.0,0.2663,0.14
9168,iota,MIOTA,IOTA,2018-05-01,9,1.96,1.98,1.84,1.98,66547100.0,5444860000.0,1.0,0.14
9199,iota,MIOTA,IOTA,2018-06-01,9,1.76,1.94,1.72,1.93,145124000.0,4883300000.0,0.9545,0.22
9223,tron,TRX,TRON,2017-10-01,10,0.002261,0.002269,0.0018059999999999999,0.001848,72807.0,22765800.0,0.0907,0.0
9254,tron,TRX,TRON,2017-11-01,10,0.002782,0.002797,0.002442,0.00251,1398750.0,182330000.0,0.1915,0.0
9284,tron,TRX,TRON,2017-12-01,10,0.002241,0.002247,0.0020570000000000002,0.002118,6294070.0,147343000.0,0.3211,0.0
9315,tron,TRX,TRON,2018-01-01,10,0.044682,0.052813,0.0434,0.051695000000000005,516798000.0,2937740000.0,0.8812,0.01
9346,tron,TRX,TRON,2018-02-01,10,0.054752999999999996,0.058563,0.043161,0.046227,288656000.0,3599930000.0,0.1991,0.02
9374,tron,TRX,TRON,2018-03-01,10,0.043514,0.049225,0.042367,0.048847,318231000.0,2860960000.0,0.9449,0.01
9405,tron,TRX,TRON,2018-04-01,10,0.033955,0.034842000000000005,0.028607,0.032152,219373000.0,2232460000.0,0.5686,0.01
9435,tron,TRX,TRON,2018-05-01,10,0.09374500000000001,0.094279,0.086773,0.09336,1043370000.0,6163570000.0,0.8776,0.01
9466,tron,TRX,TRON,2018-06-01,10,0.060612,0.06160499999999999,0.056415999999999994,0.058707,268287000.0,3985160000.0,0.4415,0.01
9494,neo,NEO,NEO,2016-10-01,11,0.184979,0.216455,0.184979,0.202293,2748.0,0.0,0.5501,0.03
9525,neo,NEO,NEO,2016-11-01,11,0.22823200000000002,0.23914899999999997,0.204285,0.21132199999999998,411699.0,11411600.0,0.2018,0.03
9555,neo,NEO,NEO,2016-12-01,11,0.144522,0.144846,0.138559,0.14011400000000002,62769.0,7226100.0,0.2473,0.01
9586,neo,NEO,NEO,2017-01-01,11,0.144763,0.147274,0.139742,0.141841,63512.0,7238150.0,0.2787,0.01
9617,neo,NEO,NEO,2017-02-01,11,0.147034,0.15028699999999998,0.140878,0.14721800000000002,4496.0,7351700.0,0.6738,0.01
9645,neo,NEO,NEO,2017-03-01,11,0.11745499999999999,0.135197,0.11371700000000001,0.135197,12914.0,5872750.0,1.0,0.02
9676,neo,NEO,NEO,2017-04-01,11,0.20360599999999998,0.20615300000000003,0.19444,0.205017,109993.0,10180300.0,0.903,0.01
9706,neo,NEO,NEO,2017-05-01,11,0.361689,0.361689,0.269563,0.318838,1142050.0,18084400.0,0.5349,0.09
9737,neo,NEO,NEO,2017-06-01,11,1.03,1.3,1.01,1.24,8061920.0,51383000.0,0.7931,0.29
9767,neo,NEO,NEO,2017-07-01,11,8.77,9.24,7.74,7.95,33128400.0,438293000.0,0.14,1.5
9798,neo,NEO,NEO,2017-08-01,11,7.36,8.2,6.96,7.86,18527900.0,368123000.0,0.7258,1.24
9829,neo,NEO,NEO,2017-09-01,11,33.17,33.57,28.87,32.01,75418900.0,1658680000.0,0.6681,4.7
9859,neo,NEO,NEO,2017-10-01,11,34.12,35.83,31.82,35.72,72169500.0,1705880000.0,0.9726,4.01
9890,neo,NEO,NEO,2017-11-01,11,28.38,28.44,26.68,26.86,49782800.0,1844740000.0,0.1023,1.76
9920,neo,NEO,NEO,2017-12-01,11,32.89,36.23,31.36,35.84,89359700.0,2137790000.0,0.9199,4.87
9951,neo,NEO,NEO,2018-01-01,11,76.19,80.69,72.72,78.82,142094000.0,4952450000.0,0.7654,7.97
9982,neo,NEO,NEO,2018-02-01,11,145.96,147.16,115.27,126.0,356495000.0,9487200000.0,0.3365,31.89
10010,neo,NEO,NEO,2018-03-01,11,133.65,136.15,126.57,129.05,282388000.0,8687140000.0,0.2589,9.58
10041,neo,NEO,NEO,2018-04-01,11,50.34,50.59,45.3,47.3,73349000.0,3272060000.0,0.3781,5.29
10071,neo,NEO,NEO,2018-05-01,11,84.37,84.86,79.32,84.64,180819000.0,5483980000.0,0.9603,5.54
10102,neo,NEO,NEO,2018-06-01,11,53.2,56.09,52.95,55.45,102577000.0,3457790000.0,0.7962,3.14
10119,monero,XMR,Monero,2014-06-01,12,1.94,2.57,1.54,1.74,130602.0,2111850.0,0.1942,1.03
10148,monero,XMR,Monero,2014-07-01,12,2.51,2.65,2.34,2.35,98540.0,4470350.0,0.0323,0.31
10179,monero,XMR,Monero,2014-08-01,12,2.57,2.67,2.49,2.67,145177.0,6361190.0,1.0,0.18
10210,monero,XMR,Monero,2014-09-01,12,2.17,2.28,1.97,2.04,268279.0,6827450.0,0.2258,0.31
10240,monero,XMR,Monero,2014-10-01,12,1.21,1.22,1.17,1.2,65140.0,4536570.0,0.6,0.05
10271,monero,XMR,Monero,2014-11-01,12,0.607123,0.638227,0.571454,0.585832,33872.0,2647220.0,0.2153,0.07
10301,monero,XMR,Monero,2014-12-01,12,0.567864,0.5779340000000001,0.470041,0.4745,78718.0,2778070.0,0.0413,0.11
10332,monero,XMR,Monero,2015-01-01,12,0.436241,0.4673,0.419361,0.46576000000000006,25000.0,2391490.0,0.9679,0.05
10363,monero,XMR,Monero,2015-02-01,12,0.28361,0.311151,0.27270300000000003,0.299954,17051.0,1706270.0,0.7088,0.04
10391,monero,XMR,Monero,2015-03-01,12,0.427313,0.42836199999999997,0.39717199999999997,0.42602799999999996,23255.0,2769930.0,0.9252,0.03
10422,monero,XMR,Monero,2015-04-01,12,0.907474,1.05,0.907474,1.01,119203.0,6333310.0,0.7193,0.14
10452,monero,XMR,Monero,2015-05-01,12,0.502925,0.52752,0.492795,0.49999799999999994,13570.0,3734140.0,0.2074,0.03
10483,monero,XMR,Monero,2015-06-01,12,0.45122399999999996,0.46743599999999996,0.44698999999999994,0.45161899999999994,21924.0,3561950.0,0.2264,0.02
10513,monero,XMR,Monero,2015-07-01,12,0.49934399999999995,0.507624,0.48576099999999994,0.49884799999999996,16986.0,4152950.0,0.5986,0.02
10544,monero,XMR,Monero,2015-08-01,12,0.5744279999999999,0.591867,0.560702,0.588741,47982.0,5018000.0,0.8997,0.03
10575,monero,XMR,Monero,2015-09-01,12,0.467261,0.470225,0.455776,0.458517,13804.0,4269290.0,0.1897,0.01
10605,monero,XMR,Monero,2015-10-01,12,0.401044,0.42937299999999995,0.394394,0.404696,27172.0,3813330.0,0.2945,0.03
10636,monero,XMR,Monero,2015-11-01,12,0.402422,0.43497399999999997,0.402422,0.423505,27614.0,3974440.0,0.6477,0.03
10666,monero,XMR,Monero,2015-12-01,12,0.39314099999999996,0.414991,0.363408,0.37602800000000003,20746.0,4016600.0,0.2447,0.05
10697,monero,XMR,Monero,2016-01-01,12,0.470707,0.556793,0.46520200000000006,0.497867,88914.0,4967640.0,0.3566,0.09
10728,monero,XMR,Monero,2016-02-01,12,0.48653199999999996,0.508789,0.483038,0.497962,42354.0,5291940.0,0.5796,0.03
10757,monero,XMR,Monero,2016-03-01,12,0.870027,0.8896209999999999,0.8195319999999999,0.8479959999999999,204620.0,9715260.0,0.4061,0.07
10788,monero,XMR,Monero,2016-04-01,12,1.41,1.48,1.41,1.46,353597.0,16163900.0,0.7143,0.07
10818,monero,XMR,Monero,2016-05-01,12,0.916798,0.945897,0.894976,0.914293,64193.0,10770300.0,0.3794,0.05
10849,monero,XMR,Monero,2016-06-01,12,0.9341659999999999,0.9504540000000001,0.873635,0.9148709999999999,105338.0,11234300.0,0.5368,0.08
10879,monero,XMR,Monero,2016-07-01,12,1.59,1.7,1.58,1.66,148728.0,19525900.0,0.6667,0.12
10910,monero,XMR,Monero,2016-08-01,12,1.82,1.83,1.69,1.7,170108.0,22827700.0,0.0714,0.14
10941,monero,XMR,Monero,2016-09-01,12,8.52,8.84,7.85,8.0,12152000.0,108975000.0,0.1515,0.99
10971,monero,XMR,Monero,2016-10-01,12,8.42,8.42,7.17,7.36,8319930.0,109642000.0,0.152,1.25
11002,monero,XMR,Monero,2016-11-01,12,5.1,5.24,4.56,4.71,3841800.0,67571600.0,0.2206,0.68
11032,monero,XMR,Monero,2016-12-01,12,8.93,9.13,8.36,8.58,5605070.0,120142000.0,0.2857,0.77
11063,monero,XMR,Monero,2017-01-01,12,13.79,14.17,13.42,13.97,3923550.0,188431000.0,0.7333,0.75
11094,monero,XMR,Monero,2017-02-01,12,12.97,13.38,12.93,13.27,2715170.0,179699000.0,0.7556,0.45
11122,monero,XMR,Monero,2017-03-01,12,12.3,12.9,12.13,12.33,6449830.0,172621000.0,0.2597,0.77
11153,monero,XMR,Monero,2017-04-01,12,20.52,21.53,19.23,21.5,7622780.0,291737000.0,0.987,2.3
11183,monero,XMR,Monero,2017-05-01,12,23.72,24.07,22.23,22.77,14214000.0,341171000.0,0.2935,1.84
11214,monero,XMR,Monero,2017-06-01,12,41.84,45.52,41.84,43.7,12849800.0,608922000.0,0.5054,3.68
11244,monero,XMR,Monero,2017-07-01,12,43.71,43.98,39.8,40.96,10673500.0,642898000.0,0.2775,4.18
11275,monero,XMR,Monero,2017-08-01,12,39.88,45.04,39.81,44.15,17363300.0,592886000.0,0.8298,5.23
11306,monero,XMR,Monero,2017-09-01,12,140.65,150.09,136.49,141.2,163961000.0,2112260000.0,0.3463,13.6
11336,monero,XMR,Monero,2017-10-01,12,95.59,95.74,91.77,93.22,25936500.0,1448800000.0,0.3652,3.97
11367,monero,XMR,Monero,2017-11-01,12,87.65,88.2,84.73,85.72,36899300.0,1340360000.0,0.2853,3.47
11397,monero,XMR,Monero,2017-12-01,12,179.72,191.85,169.76,190.94,70430500.0,2771380000.0,0.9588,22.09
11428,monero,XMR,Monero,2018-01-01,12,349.55,363.79,336.98,358.99,110244000.0,5434340000.0,0.821,26.81
11459,monero,XMR,Monero,2018-02-01,12,273.88,279.78,228.39,240.97,73082700.0,4291340000.0,0.2448,51.39
11487,monero,XMR,Monero,2018-03-01,12,286.03,315.67,284.23,314.04,62044300.0,4511850000.0,0.9482,31.44
11518,monero,XMR,Monero,2018-04-01,12,178.78,182.11,165.25,175.51,31024200.0,2839980000.0,0.6085,16.86
11548,monero,XMR,Monero,2018-05-01,12,242.45,242.45,229.56,240.26,71420800.0,3875470000.0,0.8301,12.89
11579,monero,XMR,Monero,2018-06-01,12,155.89,158.55,152.87,157.54,29047300.0,2507870000.0,0.8222,5.68
11600,dash,DASH,Dash,2014-03-01,13,0.549616,1.07,0.5289729999999999,0.937342,252311.0,1929800.0,0.7548,0.54
11631,dash,DASH,Dash,2014-04-01,13,0.641783,0.747204,0.6383850000000001,0.724105,36211.0,2488370.0,0.7877,0.11
11661,dash,DASH,Dash,2014-05-01,13,1.54,1.59,1.47,1.52,232684.0,6438560.0,0.4167,0.12
11692,dash,DASH,Dash,2014-06-01,13,11.24,13.75,11.19,12.93,3460750.0,48841800.0,0.6797,2.56
11722,dash,DASH,Dash,2014-07-01,13,8.93,9.13,7.82,7.9,689084.0,39564800.0,0.0611,1.31
11753,dash,DASH,Dash,2014-08-01,13,5.55,5.81,5.22,5.64,252698.0,25079000.0,0.7119,0.59
11784,dash,DASH,Dash,2014-09-01,13,2.4,2.42,2.27,2.27,73377.0,11072200.0,0.0,0.15
11814,dash,DASH,Dash,2014-10-01,13,2.7,2.88,2.45,2.46,223263.0,12700400.0,0.0233,0.43
11845,dash,DASH,Dash,2014-11-01,13,1.79,1.82,1.62,1.67,32686.0,8623210.0,0.25,0.2
11875,dash,DASH,Dash,2014-12-01,13,2.38,2.41,2.35,2.37,46362.0,11682300.0,0.3333,0.06
11906,dash,DASH,Dash,2015-01-01,13,1.97,1.97,1.93,1.94,14957.0,9860760.0,0.25,0.04
11937,dash,DASH,Dash,2015-02-01,13,1.61,1.93,1.56,1.88,296157.0,8174880.0,0.8649,0.37
11965,dash,DASH,Dash,2015-03-01,13,3.24,3.4,3.15,3.33,89917.0,16746200.0,0.72,0.25
11996,dash,DASH,Dash,2015-04-01,13,4.02,4.02,3.7,3.83,242957.0,21088600.0,0.4063,0.32
12026,dash,DASH,Dash,2015-05-01,13,2.97,3.01,2.69,2.74,149552.0,15845500.0,0.1563,0.32
12057,dash,DASH,Dash,2015-06-01,13,2.76,2.78,2.64,2.65,75761.0,14952300.0,0.0714,0.14
12087,dash,DASH,Dash,2015-07-01,13,2.86,2.9,2.78,2.82,49329.0,15776100.0,0.3333,0.12
12118,dash,DASH,Dash,2015-08-01,13,3.68,3.7,3.52,3.61,63209.0,20694700.0,0.5,0.18
12149,dash,DASH,Dash,2015-09-01,13,2.58,2.6,2.53,2.54,70243.0,14804700.0,0.1429,0.07
12179,dash,DASH,Dash,2015-10-01,13,2.34,2.36,2.29,2.29,48612.0,13670100.0,0.0,0.07
12210,dash,DASH,Dash,2015-11-01,13,2.31,2.78,2.26,2.66,79513.0,13720200.0,0.7692,0.52
12240,dash,DASH,Dash,2015-12-01,13,2.17,2.18,2.05,2.08,37007.0,13063600.0,0.2308,0.13
12271,dash,DASH,Dash,2016-01-01,13,3.33,3.54,3.24,3.38,98317.0,20289600.0,0.4667,0.3
12302,dash,DASH,Dash,2016-02-01,13,4.11,4.23,4.01,4.12,61713.0,25394100.0,0.5,0.22
12331,dash,DASH,Dash,2016-03-01,13,3.92,4.04,3.81,3.9,195998.0,24506800.0,0.3913,0.23
12362,dash,DASH,Dash,2016-04-01,13,6.9,7.1,6.71,7.07,189159.0,43693200.0,0.9231,0.39
12392,dash,DASH,Dash,2016-05-01,13,6.82,6.87,6.69,6.79,229207.0,43733100.0,0.5556,0.18
12423,dash,DASH,Dash,2016-06-01,13,8.18,8.37,8.08,8.26,320823.0,53022100.0,0.6207,0.29
12453,dash,DASH,Dash,2016-07-01,13,7.13,7.39,7.11,7.24,251575.0,46722200.0,0.4643,0.28
12484,dash,DASH,Dash,2016-08-01,13,9.45,10.48,9.45,9.9,1088710.0,62649200.0,0.4369,1.03
12515,dash,DASH,Dash,2016-09-01,13,11.89,11.93,11.37,11.45,651970.0,79693100.0,0.1429,0.56
12545,dash,DASH,Dash,2016-10-01,13,12.1,12.11,11.67,11.71,599642.0,81946600.0,0.0909,0.44
12576,dash,DASH,Dash,2016-11-01,13,9.21,9.34,8.65,9.04,1334790.0,63075600.0,0.5652,0.69
12606,dash,DASH,Dash,2016-12-01,13,8.91,8.94,8.7,8.74,672328.0,61634000.0,0.1667,0.24
12637,dash,DASH,Dash,2017-01-01,13,11.21,11.49,10.96,11.23,3684210.0,78350600.0,0.5094,0.53
12668,dash,DASH,Dash,2017-02-01,13,16.05,16.24,15.65,16.03,2139000.0,113338000.0,0.6441,0.59
12696,dash,DASH,Dash,2017-03-01,13,32.62,46.75,32.33,42.54,31700200.0,232593000.0,0.708,14.42
12727,dash,DASH,Dash,2017-04-01,13,74.3,74.3,66.85,68.6,17542100.0,534806000.0,0.2349,7.45
12757,dash,DASH,Dash,2017-05-01,13,91.5,96.37,84.92,88.12,22978900.0,664545000.0,0.2795,11.45
12788,dash,DASH,Dash,2017-06-01,13,136.47,147.94,131.64,136.08,46692500.0,1000300000.0,0.2724,16.3
12818,dash,DASH,Dash,2017-07-01,13,181.66,182.29,165.63,165.71,42283100.0,1343300000.0,0.0048,16.66
12849,dash,DASH,Dash,2017-08-01,13,179.2,186.23,177.26,184.75,34656300.0,1336810000.0,0.835,8.97
12880,dash,DASH,Dash,2017-09-01,13,377.92,393.35,376.34,393.35,55440700.0,2844110000.0,1.0,17.01
12910,dash,DASH,Dash,2017-10-01,13,326.94,327.5,315.76,315.8,25835800.0,2481300000.0,0.0034,11.74
12941,dash,DASH,Dash,2017-11-01,13,278.5,279.67,270.77,271.56,50960300.0,2131960000.0,0.0888,8.9
12971,dash,DASH,Dash,2017-12-01,13,787.47,806.37,756.48,797.53,286044000.0,6079550000.0,0.8228,49.89
13002,dash,DASH,Dash,2018-01-01,13,1054.07,1072.42,1016.57,1053.98,138567000.0,8207990000.0,0.6698,55.85
13033,dash,DASH,Dash,2018-02-01,13,698.79,704.55,582.21,617.04,109256000.0,5486820000.0,0.2847,122.34
13061,dash,DASH,Dash,2018-03-01,13,584.14,622.67,582.31,617.53,104167000.0,4621820000.0,0.8726,40.36
13092,dash,DASH,Dash,2018-04-01,13,306.21,311.11,285.68,291.53,84000100.0,2443110000.0,0.23,25.43
13122,dash,DASH,Dash,2018-05-01,13,473.16,478.9,455.47,478.9,101299000.0,3803990000.0,1.0,23.43
13153,dash,DASH,Dash,2018-06-01,13,304.94,316.02,301.66,315.35,82723800.0,2470670000.0,0.9533,14.36
13189,tether,USDT,Tether,2015-04-01,14,1.0,1.0,1.0,1.0,14.0,251600.0,0.0,0.0
13219,tether,USDT,Tether,2015-05-01,14,1.0,1.0,1.0,1.0,48.0,251600.0,0.0,0.0
13250,tether,USDT,Tether,2015-06-01,14,1.0,1.0,1.0,1.0,40887.0,451600.0,0.0,0.0
13280,tether,USDT,Tether,2015-07-01,14,1.0,1.0,1.0,1.0,110325.0,451600.0,0.0,0.0
13311,tether,USDT,Tether,2015-08-01,14,1.0,1.0,1.0,1.0,1766.0,451600.0,0.0,0.0
13342,tether,USDT,Tether,2015-09-01,14,1.0,1.0,1.0,1.0,6136.0,451600.0,0.0,0.0
13372,tether,USDT,Tether,2015-10-01,14,1.0,1.0,1.0,1.0,178994.0,451600.0,0.0,0.0
13403,tether,USDT,Tether,2015-11-01,14,1.0,1.0,1.0,1.0,4506.0,451600.0,0.0,0.0
13433,tether,USDT,Tether,2015-12-01,14,1.0,1.0,0.999993,0.999993,129772.0,451600.0,0.0,0.0
13464,tether,USDT,Tether,2016-01-01,14,1.0,1.0,1.0,1.0,4876.0,951600.0,0.0,0.0
13495,tether,USDT,Tether,2016-02-01,14,0.999999,1.0,0.9997010000000001,0.999969,76317.0,1451600.0,0.8963,0.0
13524,tether,USDT,Tether,2016-03-01,14,1.0,1.0,0.9999809999999999,0.999991,143221.0,1451630.0,0.5263,0.0
13555,tether,USDT,Tether,2016-04-01,14,1.0,1.0,1.0,1.0,50033.0,1451590.0,0.0,0.0
13585,tether,USDT,Tether,2016-05-01,14,1.0,1.0,1.0,1.0,49006.0,1951590.0,0.0,0.0
13616,tether,USDT,Tether,2016-06-01,14,1.0,1.0,1.0,1.0,1030660.0,1951590.0,0.0,0.0
13646,tether,USDT,Tether,2016-07-01,14,1.0,1.0,1.0,1.0,985150.0,5951590.0,0.0,0.0
13677,tether,USDT,Tether,2016-08-01,14,0.9999620000000001,0.999999,0.999959,0.999999,1944300.0,6951330.0,1.0,0.0
13708,tether,USDT,Tether,2016-09-01,14,1.0,1.0,1.0,1.0,838378.0,6951590.0,0.0,0.0
13738,tether,USDT,Tether,2016-10-01,14,1.0,1.0,1.0,1.0,365091.0,6951590.0,0.0,0.0
13769,tether,USDT,Tether,2016-11-01,14,1.0,1.0,1.0,1.0,2244990.0,6951590.0,0.0,0.0
13799,tether,USDT,Tether,2016-12-01,14,1.0,1.0,1.0,1.0,916660.0,6951590.0,0.0,0.0
13830,tether,USDT,Tether,2017-01-01,14,1.0,1.0,1.0,1.0,1946000.0,9951690.0,0.0,0.0
13861,tether,USDT,Tether,2017-02-01,14,0.9999969999999999,0.999999,0.9999969999999999,0.999999,3435630.0,24951500.0,1.0,0.0
13889,tether,USDT,Tether,2017-03-01,14,0.999972,1.0,0.9999389999999999,0.9999979999999999,11999700.0,24950300.0,0.9672,0.0
13920,tether,USDT,Tether,2017-04-01,14,1.0,1.0,0.9973870000000001,0.9995860000000001,15118800.0,54952000.0,0.8416,0.0
13950,tether,USDT,Tether,2017-05-01,14,0.9368549999999999,0.937218,0.9358709999999999,0.9358709999999999,44582500.0,59034000.0,0.0,0.0
13981,tether,USDT,Tether,2017-06-01,14,1.04,1.05,1.02,1.03,100614000.0,108739000.0,0.3333,0.03
14011,tether,USDT,Tether,2017-07-01,14,1.01,1.04,1.01,1.02,82133800.0,217215000.0,0.3333,0.03
14042,tether,USDT,Tether,2017-08-01,14,1.0,1.02,0.988123,0.996819,170045000.0,320388000.0,0.2728,0.03
14073,tether,USDT,Tether,2017-09-01,14,1.0,1.01,1.0,1.0,199664000.0,320792000.0,0.0,0.01
14103,tether,USDT,Tether,2017-10-01,14,0.997266,1.0,0.994993,0.9999239999999999,103007000.0,435867000.0,0.9848,0.01
14134,tether,USDT,Tether,2017-11-01,14,1.0,1.0,0.9956430000000001,1.0,246324000.0,452561000.0,1.0,0.0
14164,tether,USDT,Tether,2017-12-01,14,1.01,1.02,0.993043,1.01,749396000.0,769516000.0,0.629,0.03
14195,tether,USDT,Tether,2018-01-01,14,1.01,1.02,1.0,1.01,1685300000.0,1385260000.0,0.5,0.02
14226,tether,USDT,Tether,2018-02-01,14,0.9915579999999999,1.01,0.9547709999999999,0.9869389999999999,3498900000.0,2198420000.0,0.5824,0.06
14254,tether,USDT,Tether,2018-03-01,14,0.9998469999999999,1.01,0.9956790000000001,1.0,2285570000.0,2216800000.0,0.3017,0.01
14285,tether,USDT,Tether,2018-04-01,14,0.9957020000000001,1.01,0.980778,0.9998100000000001,1832530000.0,2277310000.0,0.6513,0.03
14315,tether,USDT,Tether,2018-05-01,14,1.0,1.01,0.993633,1.0,3901110000.0,2417740000.0,0.389,0.02
14346,tether,USDT,Tether,2018-06-01,14,0.9990879999999999,1.01,0.9946940000000001,1.0,2486080000.0,2504850000.0,0.3467,0.02
14352,nem,XEM,NEM,2015-04-01,15,0.0004,0.000458,0.00016999999999999999,0.000242,65525.0,3604110.0,0.25,0.0
14382,nem,XEM,NEM,2015-05-01,15,0.000157,0.00015800000000000002,0.000153,0.000156,692.0,1412990.0,0.6,0.0
14413,nem,XEM,NEM,2015-06-01,15,0.000177,0.00018,0.000166,0.00016999999999999999,3525.0,1590560.0,0.2857,0.0
14443,nem,XEM,NEM,2015-07-01,15,0.000162,0.00016299999999999998,0.00014199999999999998,0.00014199999999999998,2224.0,1453660.0,0.0,0.0
14474,nem,XEM,NEM,2015-08-01,15,0.000164,0.000165,0.000154,0.000164,1445.0,1473700.0,0.9091,0.0
14505,nem,XEM,NEM,2015-09-01,15,9.4e-05,0.000105,9.300000000000001e-05,0.0001,527.0,848213.0,0.5833,0.0
14535,nem,XEM,NEM,2015-10-01,15,0.000151,0.00018899999999999999,0.000151,0.000175,11660.0,1358740.0,0.6316,0.0
14566,nem,XEM,NEM,2015-11-01,15,0.000136,0.00016999999999999999,0.000136,0.00015,950.0,1226560.0,0.4118,0.0
14596,nem,XEM,NEM,2015-12-01,15,0.000106,0.000136,0.000102,0.00011599999999999999,1860.0,950715.0,0.4118,0.0
14627,nem,XEM,NEM,2016-01-01,15,0.000151,0.000173,0.000151,0.000162,1361.0,1358320.0,0.5,0.0
14658,nem,XEM,NEM,2016-02-01,15,0.0004940000000000001,0.000515,0.000434,0.0005070000000000001,52135.0,4448570.0,0.9012,0.0
14687,nem,XEM,NEM,2016-03-01,15,0.0006349999999999999,0.0006580000000000001,0.0006230000000000001,0.000628,14850.0,5716680.0,0.1429,0.0
14718,nem,XEM,NEM,2016-04-01,15,0.001495,0.001564,0.0014550000000000001,0.0014730000000000001,64361.0,13454700.0,0.1651,0.0
14748,nem,XEM,NEM,2016-05-01,15,0.0016010000000000002,0.001622,0.001573,0.0016059999999999998,19104.0,14412300.0,0.6735,0.0
14779,nem,XEM,NEM,2016-06-01,15,0.0018780000000000001,0.002073,0.001814,0.002034,93395.0,16898600.0,0.8494,0.0
14809,nem,XEM,NEM,2016-07-01,15,0.012402,0.012844,0.009496,0.010477,3648490.0,111615000.0,0.293,0.0
14840,nem,XEM,NEM,2016-08-01,15,0.006659,0.006692,0.006228,0.006295,228840.0,59935500.0,0.1444,0.0
14871,nem,XEM,NEM,2016-09-01,15,0.005699,0.005761,0.005459,0.005569,121379.0,51288500.0,0.3642,0.0
14901,nem,XEM,NEM,2016-10-01,15,0.004374,0.004744,0.004374,0.004386,54594.0,39365200.0,0.0324,0.0
14932,nem,XEM,NEM,2016-11-01,15,0.003628,0.0039770000000000005,0.003628,0.0038280000000000002,86034.0,32655200.0,0.5731,0.0
14962,nem,XEM,NEM,2016-12-01,15,0.0037170000000000003,0.0037560000000000002,0.00361,0.003646,47370.0,33453400.0,0.2466,0.0
14993,nem,XEM,NEM,2017-01-01,15,0.003676,0.003718,0.0034100000000000003,0.00344,78880.0,33087800.0,0.0974,0.0
15024,nem,XEM,NEM,2017-02-01,15,0.0052439999999999995,0.005488,0.005224,0.005487,103152.0,47197000.0,0.9962,0.0
15052,nem,XEM,NEM,2017-03-01,15,0.007012999999999999,0.008324,0.007012999999999999,0.00785,588949.0,63121000.0,0.6384,0.0
15083,nem,XEM,NEM,2017-04-01,15,0.014921,0.019150999999999998,0.014803,0.017632,2447890.0,134287000.0,0.6506,0.0
15113,nem,XEM,NEM,2017-05-01,15,0.051264,0.056378,0.048148,0.052052999999999995,9305290.0,461377000.0,0.4745,0.01
15144,nem,XEM,NEM,2017-06-01,15,0.20210999999999998,0.23795,0.20210999999999998,0.230595,16924700.0,1818990000.0,0.7948,0.04
15174,nem,XEM,NEM,2017-07-01,15,0.15959600000000002,0.161146,0.143427,0.145722,3496010.0,1436360000.0,0.1295,0.02
15205,nem,XEM,NEM,2017-08-01,15,0.165605,0.181925,0.162108,0.181054,3956940.0,1490440000.0,0.956,0.02
15236,nem,XEM,NEM,2017-09-01,15,0.336602,0.33778,0.312575,0.33231,12082700.0,3029420000.0,0.7829999999999999,0.03
15266,nem,XEM,NEM,2017-10-01,15,0.235614,0.246768,0.230906,0.24618,4232170.0,2120520000.0,0.9629,0.02
15297,nem,XEM,NEM,2017-11-01,15,0.18695699999999998,0.188424,0.164959,0.16664500000000002,6190340.0,1682610000.0,0.0719,0.02
15327,nem,XEM,NEM,2017-12-01,15,0.22548600000000002,0.239571,0.214192,0.239571,12371200.0,2029370000.0,1.0,0.03
15358,nem,XEM,NEM,2018-01-01,15,1.04,1.08,1.0,1.04,58202800.0,9315310000.0,0.5,0.08
15389,nem,XEM,NEM,2018-02-01,15,0.791554,0.804491,0.614392,0.618265,46639300.0,7123980000.0,0.0204,0.19
15417,nem,XEM,NEM,2018-03-01,15,0.399489,0.416245,0.392158,0.416245,19529000.0,3595400000.0,1.0,0.02
15448,nem,XEM,NEM,2018-04-01,15,0.221523,0.224177,0.19816199999999998,0.20879,15920600.0,1993710000.0,0.4085,0.03
15478,nem,XEM,NEM,2018-05-01,15,0.40882199999999996,0.40882199999999996,0.388932,0.404853,26075500.0,3679400000.0,0.8005,0.02
15509,nem,XEM,NEM,2018-06-01,15,0.24511,0.26076,0.24511,0.254621,17894000.0,2205990000.0,0.6077,0.02
15525,vechain,VEN,VeChain,2017-09-01,16,0.187783,0.19096,0.171816,0.173036,3298480.0,0.0,0.0637,0.02
15555,vechain,VEN,VeChain,2017-10-01,16,0.160681,0.177207,0.15653699999999998,0.17482899999999998,497711.0,0.0,0.885,0.02
15586,vechain,VEN,VeChain,2017-11-01,16,0.21655100000000002,0.217671,0.18019100000000002,0.18468199999999999,553665.0,60019800.0,0.1198,0.04
15616,vechain,VEN,VeChain,2017-12-01,16,0.25497800000000004,0.342346,0.226491,0.331534,7863330.0,70670300.0,0.9067,0.12
15647,vechain,VEN,VeChain,2018-01-01,16,2.3,2.46,2.23,2.43,68193900.0,636456000.0,0.8696,0.23
15678,vechain,VEN,VeChain,2018-02-01,16,6.33,6.43,4.8,5.27,103601000.0,2910600000.0,0.2883,1.63
15706,vechain,VEN,VeChain,2018-03-01,16,4.54,5.32,4.51,4.95,79097200.0,2157860000.0,0.5432,0.81
15737,vechain,VEN,VeChain,2018-04-01,16,2.38,2.47,2.0,2.23,42424100.0,1243010000.0,0.4894,0.47
15767,vechain,VEN,VeChain,2018-05-01,16,4.54,4.65,4.22,4.62,93554800.0,2385080000.0,0.9302,0.43
15798,vechain,VEN,VeChain,2018-06-01,16,3.46,3.47,3.35,3.45,65178200.0,1818470000.0,0.8333,0.12
15811,binance-coin,BNB,Binance Coin,2017-08-01,17,0.10459500000000001,0.10626600000000001,0.096109,0.099867,300413.0,10459500.0,0.37,0.01
15842,binance-coin,BNB,Binance Coin,2017-09-01,17,2.2,2.39,2.12,2.38,20990700.0,220169000.0,0.963,0.27
15872,binance-coin,BNB,Binance Coin,2017-10-01,17,1.28,1.53,1.26,1.53,9043600.0,128418000.0,1.0,0.27
15903,binance-coin,BNB,Binance Coin,2017-11-01,17,1.34,1.34,1.22,1.26,2118920.0,132200000.0,0.3333,0.12
15933,binance-coin,BNB,Binance Coin,2017-12-01,17,2.0,2.14,1.92,2.07,28867200.0,197726000.0,0.6818,0.22
15964,binance-coin,BNB,Binance Coin,2018-01-01,17,8.63,8.7,7.96,8.41,66422800.0,854444000.0,0.6081,0.74
15995,binance-coin,BNB,Binance Coin,2018-02-01,17,11.18,11.39,8.71,9.52,82984200.0,1106810000.0,0.3022,2.68
16023,binance-coin,BNB,Binance Coin,2018-03-01,17,10.45,10.67,10.33,10.51,72474200.0,1034520000.0,0.5294,0.34
16054,binance-coin,BNB,Binance Coin,2018-04-01,17,11.15,11.3,10.38,11.07,87918100.0,1104190000.0,0.75,0.92
16084,binance-coin,BNB,Binance Coin,2018-05-01,17,14.31,14.31,13.61,14.16,75433900.0,1632460000.0,0.7857,0.7
16115,binance-coin,BNB,Binance Coin,2018-06-01,17,14.25,14.41,13.79,14.24,80342200.0,1625290000.0,0.7258,0.62
16129,ethereum-classic,ETC,Ethereum Classic,2016-08-01,18,1.79,2.34,1.78,2.34,45924200.0,147548000.0,1.0,0.56
16160,ethereum-classic,ETC,Ethereum Classic,2016-09-01,18,1.19,1.49,1.17,1.44,13501800.0,99255000.0,0.8437,0.32
16190,ethereum-classic,ETC,Ethereum Classic,2016-10-01,18,1.26,1.26,1.17,1.19,2443730.0,106140000.0,0.2222,0.09
16221,ethereum-classic,ETC,Ethereum Classic,2016-11-01,18,0.901279,0.904825,0.870474,0.8846639999999999,1320260.0,76991000.0,0.4131,0.03
16251,ethereum-classic,ETC,Ethereum Classic,2016-12-01,18,0.747475,0.791416,0.746875,0.7666350000000001,413683.0,64580700.0,0.4436,0.04
16282,ethereum-classic,ETC,Ethereum Classic,2017-01-01,18,1.41,1.5,1.35,1.4,3570370.0,123453000.0,0.3333,0.15
16313,ethereum-classic,ETC,Ethereum Classic,2017-02-01,18,1.36,1.38,1.35,1.36,738198.0,120212000.0,0.3333,0.03
16341,ethereum-classic,ETC,Ethereum Classic,2017-03-01,18,1.24,1.42,1.23,1.4,4561930.0,110412000.0,0.8947,0.19
16372,ethereum-classic,ETC,Ethereum Classic,2017-04-01,18,2.82,2.82,2.75,2.76,6321790.0,254292000.0,0.1429,0.07
16402,ethereum-classic,ETC,Ethereum Classic,2017-05-01,18,6.49,7.64,6.24,6.89,118589000.0,591840000.0,0.4643,1.4
16433,ethereum-classic,ETC,Ethereum Classic,2017-06-01,18,17.62,17.94,16.63,16.83,129554000.0,1624040000.0,0.1527,1.31
16463,ethereum-classic,ETC,Ethereum Classic,2017-07-01,18,18.75,18.79,17.51,17.81,64563300.0,1745950000.0,0.2344,1.28
16494,ethereum-classic,ETC,Ethereum Classic,2017-08-01,18,14.02,14.7,13.85,14.57,86270500.0,1319170000.0,0.8471,0.85
16525,ethereum-classic,ETC,Ethereum Classic,2017-09-01,18,16.4,22.45,16.32,21.94,821440000.0,1559510000.0,0.9168,6.13
16555,ethereum-classic,ETC,Ethereum Classic,2017-10-01,18,12.98,13.01,12.63,12.74,44133200.0,1246600000.0,0.2895,0.38
16586,ethereum-classic,ETC,Ethereum Classic,2017-11-01,18,10.6,10.67,10.25,10.26,30011800.0,1028310000.0,0.0238,0.42
16616,ethereum-classic,ETC,Ethereum Classic,2017-12-01,18,27.95,31.54,25.5,31.2,853735000.0,2737970000.0,0.9437,6.04
16647,ethereum-classic,ETC,Ethereum Classic,2018-01-01,18,28.05,37.03,27.32,34.17,870413000.0,2770760000.0,0.7055,9.71
16678,ethereum-classic,ETC,Ethereum Classic,2018-02-01,18,28.77,28.88,23.74,24.97,251254000.0,2863780000.0,0.2393,5.14
16706,ethereum-classic,ETC,Ethereum Classic,2018-03-01,18,33.64,34.8,32.11,33.76,514648000.0,3370090000.0,0.6134,2.69
16737,ethereum-classic,ETC,Ethereum Classic,2018-04-01,18,14.41,14.52,13.14,13.58,122407000.0,1453370000.0,0.3188,1.38
16767,ethereum-classic,ETC,Ethereum Classic,2018-05-01,18,21.86,21.86,20.7,21.58,210025000.0,2217660000.0,0.7586,1.16
16798,ethereum-classic,ETC,Ethereum Classic,2018-06-01,18,15.34,15.53,15.14,15.52,137170000.0,1563810000.0,0.9744,0.39
16828,ontology,ONT,Ontology,2018-04-01,19,2.06,2.18,1.78,2.07,35752600.0,231561000.0,0.725,0.4
16858,ontology,ONT,Ontology,2018-05-01,19,7.8,8.71,7.15,8.71,194524000.0,878034000.0,1.0,1.56
16889,ontology,ONT,Ontology,2018-06-01,19,7.13,7.32,6.93,7.07,95028200.0,876925000.0,0.359,0.39
