date,commits,pull requests,issues
2010-12-20,2,1,3
2010-12-21,3,2,3
2010-12-22,3,3,7
2010-12-23,3,3,7
2010-12-24,3,3,7
2010-12-25,3,3,7
2010-12-26,3,3,7
2010-12-27,3,3,7
2010-12-28,3,3,7
2010-12-29,3,3,7
2010-12-30,3,3,7
2010-12-31,3,3,7
2011-01-01,3,3,7
2011-01-02,3,3,7
2011-01-03,4,3,7
2011-01-04,4,3,7
2011-01-05,5,4,8
2011-01-06,6,4,9
2011-01-07,7,6,9
2011-01-08,7,6,9
2011-01-09,7,6,9
2011-01-10,8,7,10
2011-01-11,8,7,10
2011-01-12,8,7,10
2011-01-13,8,7,10
2011-01-14,9,9,11
2011-01-15,9,9,11
2011-01-16,9,9,11
2011-01-17,9,9,11
2011-01-18,13,9,11
2011-01-19,16,10,11
2011-01-20,25,14,13
2011-01-21,31,16,13
2011-01-22,32,16,13
2011-01-23,33,17,13
2011-01-24,35,18,13
2011-01-25,37,18,13
2011-01-26,37,18,13
2011-01-27,37,18,13
2011-01-28,37,18,13
2011-01-29,37,18,13
2011-01-30,37,18,13
2011-01-31,39,21,13
2011-02-01,40,22,13
2011-02-02,40,22,13
2011-02-03,40,23,13
2011-02-04,40,23,13
2011-02-05,40,23,13
2011-02-06,40,23,13
2011-02-07,40,23,14
2011-02-08,40,23,14
2011-02-09,40,23,14
2011-02-10,40,25,15
2011-02-11,41,25,16
2011-02-12,41,25,16
2011-02-13,41,25,16
2011-02-14,42,25,19
2011-02-15,42,25,19
2011-02-16,44,26,19
2011-02-17,45,26,19
2011-02-18,48,26,19
2011-02-19,48,26,19
2011-02-20,48,26,19
2011-02-21,48,26,19
2011-02-22,48,26,21
2011-02-23,53,27,23
2011-02-24,53,27,23
2011-02-25,58,29,23
2011-02-26,59,30,23
2011-02-27,59,30,23
2011-02-28,60,30,24
2011-03-01,61,31,26
2011-03-02,63,32,27
2011-03-03,64,37,29
2011-03-04,64,37,29
2011-03-05,67,39,31
2011-03-06,67,39,31
2011-03-07,67,39,31
2011-03-08,67,39,31
2011-03-09,69,41,31
2011-03-10,71,41,31
2011-03-11,71,41,31
2011-03-12,71,41,31
2011-03-13,79,42,31
2011-03-14,80,43,31
2011-03-15,80,43,31
2011-03-16,81,44,32
2011-03-17,82,47,32
2011-03-18,82,48,32
2011-03-19,82,48,32
2011-03-20,82,48,32
2011-03-21,82,48,33
2011-03-22,82,48,33
2011-03-23,82,50,33
2011-03-24,82,50,33
2011-03-25,82,51,33
2011-03-26,82,51,33
2011-03-27,82,51,33
2011-03-28,82,51,33
2011-03-29,82,51,33
2011-03-30,83,51,33
2011-03-31,83,51,33
2011-04-01,83,51,33
2011-04-02,83,51,33
2011-04-03,83,53,33
2011-04-04,83,53,33
2011-04-05,84,54,34
2011-04-06,86,54,34
2011-04-07,86,54,34
2011-04-08,86,54,34
2011-04-09,86,54,35
2011-04-10,86,54,35
2011-04-11,86,54,35
2011-04-12,93,55,36
2011-04-13,96,60,36
2011-04-14,97,61,37
2011-04-15,102,65,38
2011-04-16,103,68,38
2011-04-17,103,68,38
2011-04-18,105,68,39
2011-04-19,106,70,41
2011-04-20,111,72,43
2011-04-21,111,72,43
2011-04-22,113,74,43
2011-04-23,115,77,43
2011-04-24,115,77,43
2011-04-25,116,78,43
2011-04-26,116,78,43
2011-04-27,117,78,43
2011-04-28,119,78,45
2011-04-29,119,78,45
2011-04-30,119,78,45
2011-05-01,124,79,45
2011-05-02,124,79,45
2011-05-03,128,80,45
2011-05-04,128,80,45
2011-05-05,131,84,45
2011-05-06,133,87,45
2011-05-07,136,87,46
2011-05-08,138,91,46
2011-05-09,148,96,51
2011-05-10,152,96,53
2011-05-11,154,97,53
2011-05-12,162,98,54
2011-05-13,165,100,54
2011-05-14,174,100,54
2011-05-15,182,101,54
2011-05-16,189,102,56
2011-05-17,193,105,57
2011-05-18,194,106,64
2011-05-19,194,106,64
2011-05-20,194,106,64
2011-05-21,197,108,65
2011-05-22,202,111,66
2011-05-23,202,111,66
2011-05-24,203,113,66
2011-05-25,208,117,67
2011-05-26,216,122,70
2011-05-27,228,123,71
2011-05-28,233,126,71
2011-05-29,234,129,71
2011-05-30,235,130,72
2011-05-31,236,130,72
2011-06-01,246,132,72
2011-06-02,252,133,72
2011-06-03,257,136,72
2011-06-04,260,137,72
2011-06-05,272,139,74
2011-06-06,274,141,77
2011-06-07,276,141,79
2011-06-08,276,141,79
2011-06-09,277,142,79
2011-06-10,283,142,79
2011-06-11,291,143,80
2011-06-12,299,143,80
2011-06-13,305,143,80
2011-06-14,310,143,81
2011-06-15,315,143,81
2011-06-16,316,144,87
2011-06-17,321,145,87
2011-06-18,330,147,90
2011-06-19,332,149,91
2011-06-20,337,151,92
2011-06-21,344,151,94
2011-06-22,345,151,95
2011-06-23,346,151,96
2011-06-24,350,154,98
2011-06-25,356,154,99
2011-06-26,364,157,101
2011-06-27,368,163,102
2011-06-28,372,166,103
2011-06-29,376,168,104
2011-06-30,386,170,104
2011-07-01,396,174,105
2011-07-02,407,175,105
2011-07-03,413,176,106
2011-07-04,417,179,107
2011-07-05,424,182,108
2011-07-06,427,183,108
2011-07-07,442,184,111
2011-07-08,451,184,112
2011-07-09,460,186,113
2011-07-10,461,186,113
2011-07-11,466,187,113
2011-07-12,467,188,116
2011-07-13,491,194,118
2011-07-14,504,198,119
2011-07-15,513,198,119
2011-07-16,519,199,119
2011-07-17,528,201,119
2011-07-18,538,202,119
2011-07-19,538,202,119
2011-07-20,538,202,119
2011-07-21,539,204,119
2011-07-22,544,204,120
2011-07-23,544,204,120
2011-07-24,553,206,120
2011-07-25,557,207,121
2011-07-26,570,210,123
2011-07-27,575,210,123
2011-07-28,575,210,123
2011-07-29,579,210,123
2011-07-30,585,213,123
2011-07-31,590,216,125
2011-08-01,592,217,126
2011-08-02,595,217,126
2011-08-03,602,219,129
2011-08-04,606,220,129
2011-08-05,609,221,130
2011-08-06,611,221,130
2011-08-07,616,221,130
2011-08-08,627,222,131
2011-08-09,629,222,131
2011-08-10,629,222,131
2011-08-11,639,228,131
2011-08-12,640,230,132
2011-08-13,640,230,132
2011-08-14,640,230,132
2011-08-15,640,230,132
2011-08-16,645,231,134
2011-08-17,647,232,134
2011-08-18,647,232,134
2011-08-19,653,232,134
2011-08-20,653,232,134
2011-08-21,654,233,134
2011-08-22,655,233,134
2011-08-23,660,233,134
2011-08-24,661,234,135
2011-08-25,662,234,135
2011-08-26,663,234,135
2011-08-27,663,234,135
2011-08-28,664,234,136
2011-08-29,664,234,136
2011-08-30,664,234,136
2011-08-31,673,235,138
2011-09-01,681,235,138
2011-09-02,693,236,140
2011-09-03,698,237,141
2011-09-04,698,237,141
2011-09-05,699,239,143
2011-09-06,712,246,143
2011-09-07,718,247,143
2011-09-08,719,248,144
2011-09-09,723,251,144
2011-09-10,723,251,144
2011-09-11,730,253,144
2011-09-12,730,254,144
2011-09-13,731,254,144
2011-09-14,733,256,146
2011-09-15,733,256,146
2011-09-16,734,256,146
2011-09-17,735,258,146
2011-09-18,738,259,146
2011-09-19,740,261,146
2011-09-20,740,262,146
2011-09-21,744,262,146
2011-09-22,752,262,146
2011-09-23,755,262,146
2011-09-24,757,263,148
2011-09-25,757,263,148
2011-09-26,768,263,148
2011-09-27,781,266,148
2011-09-28,785,269,148
2011-09-29,790,271,149
2011-09-30,793,271,149
2011-10-01,798,273,150
2011-10-02,800,273,150
2011-10-03,804,274,152
2011-10-04,809,292,152
2011-10-05,820,294,153
2011-10-06,824,296,153
2011-10-07,826,297,153
2011-10-08,828,297,153
2011-10-09,841,299,153
2011-10-10,848,300,155
2011-10-11,849,301,155
2011-10-12,849,301,155
2011-10-13,849,301,155
2011-10-14,850,302,155
2011-10-15,851,303,155
2011-10-16,851,303,155
2011-10-17,851,305,155
2011-10-18,852,305,155
2011-10-19,852,305,155
2011-10-20,852,305,155
2011-10-21,852,305,155
2011-10-22,852,305,155
2011-10-23,855,306,155
2011-10-24,858,307,155
2011-10-25,875,307,155
2011-10-26,875,307,155
2011-10-27,875,307,155
2011-10-28,875,307,155
2011-10-29,876,308,158
2011-10-30,876,308,158
2011-10-31,876,308,158
2011-11-01,881,308,159
2011-11-02,883,309,159
2011-11-03,886,311,159
2011-11-04,890,313,160
2011-11-05,890,313,160
2011-11-06,892,315,161
2011-11-07,894,315,164
2011-11-08,901,318,172
2011-11-09,903,318,175
2011-11-10,910,320,176
2011-11-11,912,321,176
2011-11-12,913,324,176
2011-11-13,917,324,176
2011-11-14,920,324,176
2011-11-15,927,325,176
2011-11-16,927,325,176
2011-11-17,929,325,177
2011-11-18,929,325,177
2011-11-19,929,325,177
2011-11-20,933,325,179
2011-11-21,945,327,182
2011-11-22,945,327,182
2011-11-23,945,327,182
2011-11-24,947,328,183
2011-11-25,947,328,183
2011-11-26,950,330,185
2011-11-27,951,330,186
2011-11-28,951,330,186
2011-11-29,951,330,186
2011-11-30,951,330,186
2011-12-01,958,331,188
2011-12-02,961,332,190
2011-12-03,961,332,190
2011-12-04,963,333,190
2011-12-05,965,335,191
2011-12-06,965,335,191
2011-12-07,966,336,193
2011-12-08,966,336,193
2011-12-09,969,339,194
2011-12-10,970,340,194
2011-12-11,970,340,194
2011-12-12,973,340,194
2011-12-13,977,344,195
2011-12-14,979,344,196
2011-12-15,979,344,196
2011-12-16,988,348,198
2011-12-17,994,348,198
2011-12-18,994,348,198
2011-12-19,1013,350,199
2011-12-20,1026,352,200
2011-12-21,1027,353,200
2011-12-22,1029,353,201
2011-12-23,1042,355,203
2011-12-24,1042,355,203
2011-12-25,1046,355,203
2011-12-26,1046,355,203
2011-12-27,1049,356,204
2011-12-28,1050,357,204
2011-12-29,1050,357,204
2011-12-30,1050,357,204
2011-12-31,1050,357,204
2012-01-01,1050,357,204
2012-01-02,1050,359,207
2012-01-03,1061,362,209
2012-01-04,1061,362,209
2012-01-05,1065,362,210
2012-01-06,1067,363,211
2012-01-07,1069,365,212
2012-01-08,1069,365,212
2012-01-09,1075,365,213
2012-01-10,1078,365,214
2012-01-11,1078,365,214
2012-01-12,1080,365,214
2012-01-13,1091,366,215
2012-01-14,1093,368,215
2012-01-15,1096,369,216
2012-01-16,1097,369,217
2012-01-17,1102,370,218
2012-01-18,1103,372,219
2012-01-19,1108,375,219
2012-01-20,1109,376,220
2012-01-21,1111,378,220
2012-01-22,1111,378,220
2012-01-23,1121,379,222
2012-01-24,1121,379,222
2012-01-25,1124,380,224
2012-01-26,1126,381,225
2012-01-27,1127,382,225
2012-01-28,1128,382,225
2012-01-29,1128,382,225
2012-01-30,1128,382,225
2012-01-31,1131,383,226
2012-02-01,1134,384,227
2012-02-02,1134,384,227
2012-02-03,1134,384,227
2012-02-04,1134,384,227
2012-02-05,1136,388,227
2012-02-06,1144,390,228
2012-02-07,1154,393,228
2012-02-08,1154,393,228
2012-02-09,1155,394,231
2012-02-10,1161,397,232
2012-02-11,1170,401,236
2012-02-12,1173,402,236
2012-02-13,1173,402,236
2012-02-14,1173,402,236
2012-02-15,1182,406,238
2012-02-16,1189,409,243
2012-02-17,1203,415,246
2012-02-18,1211,418,247
2012-02-19,1219,421,247
2012-02-20,1228,422,250
2012-02-21,1229,422,253
2012-02-22,1240,427,253
2012-02-23,1244,429,255
2012-02-24,1245,431,255
2012-02-25,1251,438,255
2012-02-26,1257,441,257
2012-02-27,1263,444,258
2012-02-28,1267,444,259
2012-02-29,1270,445,260
2012-03-01,1271,445,260
2012-03-02,1271,445,260
2012-03-03,1273,447,260
2012-03-04,1273,447,260
2012-03-05,1275,449,262
2012-03-06,1275,449,262
2012-03-07,1275,449,262
2012-03-08,1275,449,262
2012-03-09,1275,449,262
2012-03-10,1276,450,266
2012-03-11,1277,453,266
2012-03-12,1281,453,268
2012-03-13,1282,454,268
2012-03-14,1283,454,269
2012-03-15,1284,456,271
2012-03-16,1289,457,271
2012-03-17,1289,457,274
2012-03-18,1290,461,274
2012-03-19,1293,465,276
2012-03-20,1298,471,280
2012-03-21,1310,476,280
2012-03-22,1321,480,282
2012-03-23,1322,482,282
2012-03-24,1322,482,282
2012-03-25,1326,485,283
2012-03-26,1343,492,284
2012-03-27,1343,494,285
2012-03-28,1343,494,285
2012-03-29,1352,499,287
2012-03-30,1352,500,288
2012-03-31,1353,502,290
2012-04-01,1353,505,290
2012-04-02,1361,507,291
2012-04-03,1365,509,294
2012-04-04,1382,515,294
2012-04-05,1396,522,297
2012-04-06,1402,524,300
2012-04-07,1402,524,300
2012-04-08,1405,525,305
2012-04-09,1407,527,308
2012-04-10,1412,528,310
2012-04-11,1420,532,314
2012-04-12,1426,533,315
2012-04-13,1430,541,316
2012-04-14,1436,543,318
2012-04-15,1447,551,320
2012-04-16,1449,552,322
2012-04-17,1464,557,324
2012-04-18,1468,559,325
2012-04-19,1469,560,326
2012-04-20,1473,561,327
2012-04-21,1483,563,328
2012-04-22,1486,570,331
2012-04-23,1486,570,331
2012-04-24,1486,571,334
2012-04-25,1489,572,334
2012-04-26,1498,574,337
2012-04-27,1502,574,340
2012-04-28,1502,574,340
2012-04-29,1505,576,342
2012-04-30,1506,577,345
2012-05-01,1509,582,345
2012-05-02,1510,582,351
2012-05-03,1512,584,354
2012-05-04,1521,586,355
2012-05-05,1539,597,355
2012-05-06,1546,601,357
2012-05-07,1550,604,359
2012-05-08,1558,607,364
2012-05-09,1580,618,372
2012-05-10,1582,621,374
2012-05-11,1608,630,375
2012-05-12,1629,637,379
2012-05-13,1650,646,381
2012-05-14,1662,660,384
2012-05-15,1666,665,388
2012-05-16,1672,669,389
2012-05-17,1686,690,390
2012-05-18,1697,698,391
2012-05-19,1702,701,392
2012-05-20,1712,703,392
2012-05-21,1718,708,393
2012-05-22,1728,716,394
2012-05-23,1732,717,394
2012-05-24,1736,720,396
2012-05-25,1749,721,398
2012-05-26,1751,721,398
2012-05-27,1752,721,398
2012-05-28,1755,723,398
2012-05-29,1756,725,399
2012-05-30,1757,727,399
2012-05-31,1762,731,403
2012-06-01,1762,732,403
2012-06-02,1766,734,404
2012-06-03,1767,736,405
2012-06-04,1775,739,405
2012-06-05,1778,742,408
2012-06-06,1778,742,408
2012-06-07,1780,742,409
2012-06-08,1783,742,410
2012-06-09,1784,744,411
2012-06-10,1784,744,411
2012-06-11,1785,746,411
2012-06-12,1792,749,412
2012-06-13,1799,753,416
2012-06-14,1811,759,422
2012-06-15,1815,761,423
2012-06-16,1815,761,423
2012-06-17,1821,763,424
2012-06-18,1830,767,425
2012-06-19,1833,769,425
2012-06-20,1837,773,427
2012-06-21,1840,778,427
2012-06-22,1849,781,430
2012-06-23,1849,782,433
2012-06-24,1855,789,434
2012-06-25,1860,791,434
2012-06-26,1860,791,436
2012-06-27,1867,794,437
2012-06-28,1873,795,439
2012-06-29,1874,799,441
2012-06-30,1877,803,442
2012-07-01,1879,804,443
2012-07-02,1883,807,444
2012-07-03,1884,810,445
2012-07-04,1887,813,446
2012-07-05,1894,815,449
2012-07-06,1896,817,449
2012-07-07,1904,819,449
2012-07-08,1905,820,451
2012-07-09,1906,822,452
2012-07-10,1907,825,453
2012-07-11,1916,830,455
2012-07-12,1920,833,456
2012-07-13,1925,839,456
2012-07-14,1928,839,456
2012-07-15,1928,839,456
2012-07-16,1934,839,460
2012-07-17,1942,841,461
2012-07-18,1949,845,461
2012-07-19,1950,847,461
2012-07-20,1950,848,462
2012-07-21,1950,851,463
2012-07-22,1952,853,463
2012-07-23,1955,855,466
2012-07-24,1956,855,467
2012-07-25,1958,855,467
2012-07-26,1968,860,467
2012-07-27,1970,862,467
2012-07-28,1971,862,467
2012-07-29,1971,862,467
2012-07-30,1971,862,467
2012-07-31,1971,863,467
2012-08-01,1976,867,468
2012-08-02,1978,870,468
2012-08-03,1980,870,468
2012-08-04,1980,870,468
2012-08-05,1980,870,468
2012-08-06,1981,871,472
2012-08-07,1988,872,473
2012-08-08,1988,872,475
2012-08-09,1990,872,478
2012-08-10,1990,872,478
2012-08-11,1990,872,478
2012-08-12,1991,872,479
2012-08-13,1993,875,480
2012-08-14,1995,877,481
2012-08-15,1995,877,481
2012-08-16,1995,878,482
2012-08-17,2000,881,483
2012-08-18,2001,882,483
2012-08-19,2001,882,483
2012-08-20,2011,885,484
2012-08-21,2017,891,486
2012-08-22,2025,894,487
2012-08-23,2041,901,491
2012-08-24,2048,906,496
2012-08-25,2053,907,496
2012-08-26,2054,908,497
2012-08-27,2064,911,498
2012-08-28,2070,921,502
2012-08-29,2082,925,504
2012-08-30,2084,929,505
2012-08-31,2086,932,509
2012-09-01,2091,935,510
2012-09-02,2094,935,512
2012-09-03,2097,941,512
2012-09-04,2097,943,513
2012-09-05,2102,947,514
2012-09-06,2109,948,514
2012-09-07,2114,950,515
2012-09-08,2119,952,516
2012-09-09,2126,958,518
2012-09-10,2129,962,519
2012-09-11,2131,962,520
2012-09-12,2135,964,521
2012-09-13,2135,964,521
2012-09-14,2135,964,521
2012-09-15,2137,965,521
2012-09-16,2137,965,521
2012-09-17,2138,966,521
2012-09-18,2144,968,523
2012-09-19,2144,968,523
2012-09-20,2147,968,526
2012-09-21,2153,971,530
2012-09-22,2159,977,531
2012-09-23,2161,978,532
2012-09-24,2161,983,532
2012-09-25,2166,985,534
2012-09-26,2167,987,534
2012-09-27,2169,991,537
2012-09-28,2172,996,539
2012-09-29,2177,999,540
2012-09-30,2179,1003,541
2012-10-01,2187,1004,541
2012-10-02,2187,1007,545
2012-10-03,2188,1008,546
2012-10-04,2196,1013,546
2012-10-05,2199,1015,546
2012-10-06,2199,1015,546
2012-10-07,2203,1018,546
2012-10-08,2208,1021,546
2012-10-09,2214,1021,546
2012-10-10,2214,1021,546
2012-10-11,2219,1021,547
2012-10-12,2222,1026,548
2012-10-13,2222,1027,551
2012-10-14,2224,1029,552
2012-10-15,2225,1030,552
2012-10-16,2225,1030,552
2012-10-17,2225,1030,552
2012-10-18,2225,1030,552
2012-10-19,2227,1031,552
2012-10-20,2256,1031,552
2012-10-21,2264,1036,552
2012-10-22,2269,1038,555
2012-10-23,2270,1039,557
2012-10-24,2274,1043,557
2012-10-25,2285,1045,560
2012-10-26,2285,1045,560
2012-10-27,2285,1045,560
2012-10-28,2287,1047,562
2012-10-29,2301,1047,562
2012-10-30,2302,1047,564
2012-10-31,2303,1047,564
2012-11-01,2307,1049,564
2012-11-02,2309,1050,564
2012-11-03,2311,1051,565
2012-11-04,2313,1056,565
2012-11-05,2316,1062,566
2012-11-06,2316,1062,566
2012-11-07,2316,1062,566
2012-11-08,2317,1064,566
2012-11-09,2325,1066,568
2012-11-10,2331,1067,570
2012-11-11,2338,1070,571
2012-11-12,2338,1070,571
2012-11-13,2344,1073,572
2012-11-14,2346,1076,572
2012-11-15,2350,1078,573
2012-11-16,2353,1081,575
2012-11-17,2355,1082,575
2012-11-18,2355,1084,577
2012-11-19,2355,1084,577
2012-11-20,2355,1084,577
2012-11-21,2357,1086,577
2012-11-22,2360,1087,577
2012-11-23,2360,1087,577
2012-11-24,2362,1088,577
2012-11-25,2363,1088,578
2012-11-26,2364,1090,584
2012-11-27,2366,1093,585
2012-11-28,2367,1095,586
2012-11-29,2369,1095,589
2012-11-30,2371,1097,590
2012-12-01,2374,1100,590
2012-12-02,2375,1103,590
2012-12-03,2380,1107,590
2012-12-04,2382,1113,592
2012-12-05,2386,1114,594
2012-12-06,2391,1115,595
2012-12-07,2393,1115,597
2012-12-08,2393,1115,597
2012-12-09,2393,1115,597
2012-12-10,2394,1117,598
2012-12-11,2394,1117,598
2012-12-12,2410,1123,598
2012-12-13,2414,1128,599
2012-12-14,2415,1128,600
2012-12-15,2415,1130,600
2012-12-16,2417,1130,601
2012-12-17,2418,1131,601
2012-12-18,2420,1132,601
2012-12-19,2423,1134,601
2012-12-20,2424,1136,603
2012-12-21,2425,1137,604
2012-12-22,2426,1138,604
2012-12-23,2426,1138,604
2012-12-24,2426,1138,604
2012-12-25,2426,1138,604
2012-12-26,2427,1142,604
2012-12-27,2427,1142,604
2012-12-28,2427,1143,606
2012-12-29,2427,1143,606
2012-12-30,2427,1143,606
2012-12-31,2428,1143,609
2013-01-01,2430,1145,609
2013-01-02,2430,1146,609
2013-01-03,2432,1149,611
2013-01-04,2435,1150,611
2013-01-05,2439,1151,611
2013-01-06,2443,1153,611
2013-01-07,2443,1153,611
2013-01-08,2448,1154,612
2013-01-09,2450,1159,612
2013-01-10,2451,1162,613
2013-01-11,2453,1166,614
2013-01-12,2453,1166,614
2013-01-13,2454,1167,614
2013-01-14,2463,1171,618
2013-01-15,2465,1171,618
2013-01-16,2483,1172,619
2013-01-17,2484,1172,619
2013-01-18,2493,1176,621
2013-01-19,2496,1177,622
2013-01-20,2497,1179,622
2013-01-21,2500,1179,622
2013-01-22,2501,1182,628
2013-01-23,2515,1187,631
2013-01-24,2517,1188,632
2013-01-25,2519,1189,634
2013-01-26,2525,1194,636
2013-01-27,2530,1197,639
2013-01-28,2534,1198,640
2013-01-29,2535,1199,642
2013-01-30,2557,1209,645
2013-01-31,2559,1213,646
2013-02-01,2564,1218,649
2013-02-02,2565,1219,650
2013-02-03,2565,1219,650
2013-02-04,2566,1221,654
2013-02-05,2571,1223,655
2013-02-06,2576,1226,657
2013-02-07,2577,1227,659
2013-02-08,2577,1227,659
2013-02-09,2578,1229,662
2013-02-10,2581,1231,664
2013-02-11,2581,1231,665
2013-02-12,2583,1232,668
2013-02-13,2583,1232,668
2013-02-14,2584,1235,669
2013-02-15,2584,1235,669
2013-02-16,2592,1237,670
2013-02-17,2594,1237,671
2013-02-18,2598,1237,671
2013-02-19,2600,1237,673
2013-02-20,2602,1237,679
2013-02-21,2602,1237,679
2013-02-22,2611,1237,680
2013-02-23,2611,1237,680
2013-02-24,2615,1239,681
2013-02-25,2616,1240,681
2013-02-26,2617,1240,681
2013-02-27,2617,1240,681
2013-02-28,2618,1240,681
2013-03-01,2621,1241,681
2013-03-02,2621,1241,681
2013-03-03,2621,1241,681
2013-03-04,2621,1241,681
2013-03-05,2621,1241,681
2013-03-06,2621,1241,681
2013-03-07,2623,1242,681
2013-03-08,2623,1242,681
2013-03-09,2624,1243,681
2013-03-10,2624,1243,681
2013-03-11,2627,1244,683
2013-03-12,2627,1244,683
2013-03-13,2627,1246,685
2013-03-14,2627,1246,685
2013-03-15,2627,1246,685
2013-03-16,2627,1246,685
2013-03-17,2627,1247,687
2013-03-18,2632,1250,690
2013-03-19,2641,1254,690
2013-03-20,2641,1254,690
2013-03-21,2643,1254,694
2013-03-22,2646,1255,696
2013-03-23,2650,1257,698
2013-03-24,2652,1261,699
2013-03-25,2654,1261,699
2013-03-26,2654,1261,699
2013-03-27,2654,1261,699
2013-03-28,2655,1263,701
2013-03-29,2665,1269,704
2013-03-30,2666,1269,705
2013-03-31,2672,1273,705
2013-04-01,2678,1275,710
2013-04-02,2688,1280,712
2013-04-03,2698,1283,713
2013-04-04,2707,1290,714
2013-04-05,2714,1292,718
2013-04-06,2719,1296,724
2013-04-07,2725,1301,727
2013-04-08,2732,1302,729
2013-04-09,2741,1309,732
2013-04-10,2743,1312,733
2013-04-11,2748,1313,739
2013-04-12,2753,1315,739
2013-04-13,2756,1316,743
2013-04-14,2759,1321,746
2013-04-15,2762,1322,748
2013-04-16,2762,1322,748
2013-04-17,2766,1324,748
2013-04-18,2770,1326,748
2013-04-19,2771,1327,748
2013-04-20,2771,1327,748
2013-04-21,2771,1327,748
2013-04-22,2773,1328,753
2013-04-23,2781,1332,755
2013-04-24,2785,1333,758
2013-04-25,2788,1338,760
2013-04-26,2792,1344,764
2013-04-27,2801,1348,766
2013-04-28,2805,1351,767
2013-04-29,2811,1353,768
2013-04-30,2813,1356,771
2013-05-01,2816,1361,771
2013-05-02,2820,1365,772
2013-05-03,2835,1369,773
2013-05-04,2841,1371,773
2013-05-05,2841,1374,774
2013-05-06,2842,1375,774
2013-05-07,2846,1378,777
2013-05-08,2848,1381,778
2013-05-09,2849,1383,779
2013-05-10,2853,1385,780
2013-05-11,2853,1385,780
2013-05-12,2855,1389,783
2013-05-13,2857,1394,784
2013-05-14,2857,1394,784
2013-05-15,2857,1394,784
2013-05-16,2858,1395,785
2013-05-17,2858,1395,785
2013-05-18,2858,1395,785
2013-05-19,2861,1398,786
2013-05-20,2863,1398,789
2013-05-21,2865,1401,789
2013-05-22,2876,1404,789
2013-05-23,2877,1406,794
2013-05-24,2885,1407,797
2013-05-25,2886,1410,798
2013-05-26,2886,1410,798
2013-05-27,2886,1410,798
2013-05-28,2886,1410,798
2013-05-29,2887,1412,805
2013-05-30,2899,1414,809
2013-05-31,2901,1416,811
2013-06-01,2902,1416,814
2013-06-02,2907,1417,815
2013-06-03,2912,1419,817
2013-06-04,2912,1421,820
2013-06-05,2914,1423,823
2013-06-06,2926,1424,824
2013-06-07,2929,1428,827
2013-06-08,2930,1429,828
2013-06-09,2932,1429,828
2013-06-10,2933,1429,829
2013-06-11,2935,1433,831
2013-06-12,2936,1434,832
2013-06-13,2937,1434,832
2013-06-14,2939,1438,832
2013-06-15,2942,1439,834
2013-06-16,2944,1439,834
2013-06-17,2945,1439,836
2013-06-18,2945,1441,836
2013-06-19,2946,1443,839
2013-06-20,2946,1443,839
2013-06-21,2946,1443,839
2013-06-22,2955,1445,839
2013-06-23,2959,1448,840
2013-06-24,2972,1449,841
2013-06-25,2978,1455,841
2013-06-26,2980,1457,841
2013-06-27,2982,1459,842
2013-06-28,2982,1459,842
2013-06-29,2984,1461,842
2013-06-30,2984,1461,842
2013-07-01,2986,1464,843
2013-07-02,2987,1464,844
2013-07-03,2987,1465,846
2013-07-04,2987,1466,846
2013-07-05,2987,1466,846
2013-07-06,2987,1466,846
2013-07-07,2991,1469,846
2013-07-08,2992,1469,846
2013-07-09,2993,1469,847
2013-07-10,2996,1470,848
2013-07-11,2996,1470,848
2013-07-12,2996,1470,848
2013-07-13,2997,1474,848
2013-07-14,3000,1475,848
2013-07-15,3001,1476,849
2013-07-16,3001,1476,849
2013-07-17,3009,1477,849
2013-07-18,3009,1477,849
2013-07-19,3010,1479,849
2013-07-20,3010,1479,849
2013-07-21,3011,1480,849
2013-07-22,3014,1481,850
2013-07-23,3019,1486,851
2013-07-24,3020,1489,854
2013-07-25,3021,1490,856
2013-07-26,3023,1490,856
2013-07-27,3025,1490,857
2013-07-28,3026,1490,857
2013-07-29,3028,1492,857
2013-07-30,3028,1492,857
2013-07-31,3029,1495,858
2013-08-01,3030,1495,859
2013-08-02,3032,1498,859
2013-08-03,3032,1498,859
2013-08-04,3032,1498,859
2013-08-05,3040,1499,860
2013-08-06,3044,1501,860
2013-08-07,3047,1502,860
2013-08-08,3049,1504,861
2013-08-09,3050,1505,862
2013-08-10,3051,1506,862
2013-08-11,3051,1506,862
2013-08-12,3055,1507,862
2013-08-13,3056,1507,863
2013-08-14,3056,1507,863
2013-08-15,3065,1513,863
2013-08-16,3071,1515,863
2013-08-17,3073,1517,863
2013-08-18,3074,1518,863
2013-08-19,3074,1520,865
2013-08-20,3082,1525,865
2013-08-21,3085,1529,865
2013-08-22,3094,1531,865
2013-08-23,3097,1531,867
2013-08-24,3101,1536,868
2013-08-25,3103,1540,870
2013-08-26,3104,1540,871
2013-08-27,3104,1540,871
2013-08-28,3109,1546,871
2013-08-29,3114,1549,872
2013-08-30,3121,1553,875
2013-08-31,3122,1555,875
2013-09-01,3122,1555,875
2013-09-02,3126,1555,875
2013-09-03,3127,1555,875
2013-09-04,3129,1560,878
2013-09-05,3131,1562,878
2013-09-06,3136,1562,878
2013-09-07,3136,1562,878
2013-09-08,3138,1564,878
2013-09-09,3142,1565,879
2013-09-10,3148,1566,880
2013-09-11,3149,1569,880
2013-09-12,3149,1569,880
2013-09-13,3153,1570,883
2013-09-14,3159,1573,883
2013-09-15,3159,1573,883
2013-09-16,3164,1575,886
2013-09-17,3167,1576,888
2013-09-18,3180,1583,890
2013-09-19,3185,1585,892
2013-09-20,3189,1585,892
2013-09-21,3191,1585,892
2013-09-22,3193,1586,892
2013-09-23,3196,1588,892
2013-09-24,3198,1591,892
2013-09-25,3199,1593,893
2013-09-26,3203,1596,895
2013-09-27,3204,1596,896
2013-09-28,3209,1598,896
2013-09-29,3212,1600,896
2013-09-30,3212,1600,896
2013-10-01,3218,1605,897
2013-10-02,3218,1605,898
2013-10-03,3221,1606,898
2013-10-04,3232,1608,899
2013-10-05,3232,1610,900
2013-10-06,3234,1611,900
2013-10-07,3236,1615,902
2013-10-08,3240,1617,902
2013-10-09,3241,1620,903
2013-10-10,3243,1623,904
2013-10-11,3249,1627,905
2013-10-12,3251,1629,905
2013-10-13,3252,1631,905
2013-10-14,3254,1632,905
2013-10-15,3272,1634,908
2013-10-16,3279,1640,909
2013-10-17,3284,1641,910
2013-10-18,3286,1643,912
2013-10-19,3288,1645,915
2013-10-20,3300,1647,917
2013-10-21,3306,1648,919
2013-10-22,3314,1653,922
2013-10-23,3325,1657,923
2013-10-24,3331,1662,926
2013-10-25,3338,1667,926
2013-10-26,3347,1677,927
2013-10-27,3355,1679,930
2013-10-28,3368,1686,933
2013-10-29,3371,1687,936
2013-10-30,3376,1691,937
2013-10-31,3380,1691,937
2013-11-01,3383,1693,938
2013-11-02,3385,1694,938
2013-11-03,3386,1694,939
2013-11-04,3396,1697,940
2013-11-05,3402,1701,945
2013-11-06,3403,1703,948
2013-11-07,3405,1703,954
2013-11-08,3409,1705,955
2013-11-09,3411,1705,958
2013-11-10,3415,1706,959
2013-11-11,3436,1712,961
2013-11-12,3441,1715,961
2013-11-13,3448,1718,963
2013-11-14,3453,1724,966
2013-11-15,3457,1732,966
2013-11-16,3459,1735,969
2013-11-17,3463,1739,970
2013-11-18,3472,1742,971
2013-11-19,3475,1743,972
2013-11-20,3477,1748,978
2013-11-21,3482,1753,979
2013-11-22,3487,1758,983
2013-11-23,3487,1758,983
2013-11-24,3490,1758,984
2013-11-25,3491,1758,986
2013-11-26,3492,1760,987
2013-11-27,3497,1763,987
2013-11-28,3507,1767,990
2013-11-29,3510,1769,992
2013-11-30,3515,1769,994
2013-12-01,3516,1771,996
2013-12-02,3523,1776,997
2013-12-03,3529,1781,999
2013-12-04,3543,1786,999
2013-12-05,3545,1787,1001
2013-12-06,3550,1787,1003
2013-12-07,3551,1788,1004
2013-12-08,3556,1791,1005
2013-12-09,3565,1794,1007
2013-12-10,3573,1802,1010
2013-12-11,3579,1806,1011
2013-12-12,3582,1811,1016
2013-12-13,3598,1817,1018
2013-12-14,3601,1819,1018
2013-12-15,3605,1824,1019
2013-12-16,3616,1830,1020
2013-12-17,3622,1831,1020
2013-12-18,3627,1835,1023
2013-12-19,3632,1835,1025
2013-12-20,3642,1841,1025
2013-12-21,3643,1841,1025
2013-12-22,3643,1841,1025
2013-12-23,3645,1842,1026
2013-12-24,3647,1845,1027
2013-12-25,3649,1846,1027
2013-12-26,3649,1846,1027
2013-12-27,3649,1846,1027
2013-12-28,3650,1848,1028
2013-12-29,3651,1852,1029
2013-12-30,3651,1852,1029
2013-12-31,3651,1852,1029
2014-01-01,3651,1852,1029
2014-01-02,3652,1854,1030
2014-01-03,3653,1854,1033
2014-01-04,3654,1855,1033
2014-01-05,3656,1856,1034
2014-01-06,3667,1858,1034
2014-01-07,3668,1860,1035
2014-01-08,3670,1860,1037
2014-01-09,3672,1864,1039
2014-01-10,3692,1868,1040
2014-01-11,3705,1875,1041
2014-01-12,3709,1877,1042
2014-01-13,3719,1885,1048
2014-01-14,3733,1888,1051
2014-01-15,3737,1890,1052
2014-01-16,3747,1893,1052
2014-01-17,3749,1895,1054
2014-01-18,3768,1896,1054
2014-01-19,3773,1897,1055
2014-01-20,3774,1898,1057
2014-01-21,3786,1900,1060
2014-01-22,3794,1904,1062
2014-01-23,3802,1908,1063
2014-01-24,3807,1910,1064
2014-01-25,3807,1910,1064
2014-01-26,3807,1910,1064
2014-01-27,3815,1913,1064
2014-01-28,3820,1915,1065
2014-01-29,3838,1916,1066
2014-01-30,3845,1920,1066
2014-01-31,3848,1922,1068
2014-02-01,3848,1922,1068
2014-02-02,3850,1924,1072
2014-02-03,3854,1927,1072
2014-02-04,3855,1930,1074
2014-02-05,3858,1932,1078
2014-02-06,3862,1933,1078
2014-02-07,3866,1936,1081
2014-02-08,3873,1939,1081
2014-02-09,3877,1940,1081
2014-02-10,3885,1941,1082
2014-02-11,3890,1944,1084
2014-02-12,3891,1949,1085
2014-02-13,3898,1954,1087
2014-02-14,3903,1956,1090
2014-02-15,3904,1958,1092
2014-02-16,3908,1965,1093
2014-02-17,3920,1971,1094
2014-02-18,3924,1980,1096
2014-02-19,3927,1982,1096
2014-02-20,3930,1982,1098
2014-02-21,3932,1992,1102
2014-02-22,3937,1996,1102
2014-02-23,3941,1996,1104
2014-02-24,3946,1999,1104
2014-02-25,3951,2007,1105
2014-02-26,3961,2013,1106
2014-02-27,3968,2021,1110
2014-02-28,3981,2024,1112
2014-03-01,3985,2026,1115
2014-03-02,3985,2026,1115
2014-03-03,3987,2029,1122
2014-03-04,3991,2034,1124
2014-03-05,3999,2040,1128
2014-03-06,4001,2041,1129
2014-03-07,4006,2047,1131
2014-03-08,4008,2053,1134
2014-03-09,4008,2053,1134
2014-03-10,4026,2060,1136
2014-03-11,4033,2067,1139
2014-03-12,4037,2070,1144
2014-03-13,4041,2073,1145
2014-03-14,4046,2079,1150
2014-03-15,4053,2084,1151
2014-03-16,4056,2090,1154
2014-03-17,4058,2090,1155
2014-03-18,4064,2094,1156
2014-03-19,4066,2095,1165
2014-03-20,4074,2098,1171
2014-03-21,4087,2108,1175
2014-03-22,4091,2116,1176
2014-03-23,4092,2117,1179
2014-03-24,4095,2120,1182
2014-03-25,4099,2125,1186
2014-03-26,4104,2127,1187
2014-03-27,4110,2128,1190
2014-03-28,4113,2134,1193
2014-03-29,4118,2135,1195
2014-03-30,4121,2137,1196
2014-03-31,4138,2142,1196
2014-04-01,4144,2144,1198
2014-04-02,4149,2148,1200
2014-04-03,4153,2149,1201
2014-04-04,4155,2149,1202
2014-04-05,4157,2151,1206
2014-04-06,4159,2153,1208
2014-04-07,4164,2159,1209
2014-04-08,4173,2162,1212
2014-04-09,4183,2170,1215
2014-04-10,4184,2174,1215
2014-04-11,4193,2174,1215
2014-04-12,4196,2176,1216
2014-04-13,4196,2176,1216
2014-04-14,4198,2178,1217
2014-04-15,4198,2179,1220
2014-04-16,4202,2179,1225
2014-04-17,4204,2179,1225
2014-04-18,4206,2180,1226
2014-04-19,4209,2182,1231
2014-04-20,4209,2182,1231
2014-04-21,4209,2182,1231
2014-04-22,4221,2183,1236
2014-04-23,4226,2184,1236
2014-04-24,4231,2187,1239
2014-04-25,4233,2189,1240
2014-04-26,4233,2189,1240
2014-04-27,4237,2190,1241
2014-04-28,4238,2193,1242
2014-04-29,4239,2195,1242
2014-04-30,4244,2197,1245
2014-05-01,4254,2200,1245
2014-05-02,4267,2206,1246
2014-05-03,4267,2206,1246
2014-05-04,4268,2206,1247
2014-05-05,4271,2211,1250
2014-05-06,4277,2214,1255
2014-05-07,4279,2221,1257
2014-05-08,4287,2223,1259
2014-05-09,4317,2229,1264
2014-05-10,4318,2231,1265
2014-05-11,4319,2234,1267
2014-05-12,4331,2237,1269
2014-05-13,4346,2240,1269
2014-05-14,4346,2240,1269
2014-05-15,4347,2243,1270
2014-05-16,4347,2243,1270
2014-05-17,4348,2244,1271
2014-05-18,4348,2244,1271
2014-05-19,4351,2245,1272
2014-05-20,4363,2252,1272
2014-05-21,4368,2254,1273
2014-05-22,4370,2259,1274
2014-05-23,4381,2265,1279
2014-05-24,4384,2268,1279
2014-05-25,4387,2269,1279
2014-05-26,4387,2269,1279
2014-05-27,4389,2270,1281
2014-05-28,4392,2274,1281
2014-05-29,4402,2279,1287
2014-05-30,4408,2286,1288
2014-05-31,4408,2286,1291
2014-06-01,4412,2286,1292
2014-06-02,4421,2291,1295
2014-06-03,4429,2296,1295
2014-06-04,4448,2303,1295
2014-06-05,4462,2307,1295
2014-06-06,4471,2311,1296
2014-06-07,4474,2315,1296
2014-06-08,4477,2320,1296
2014-06-09,4485,2322,1297
2014-06-10,4488,2326,1299
2014-06-11,4503,2333,1301
2014-06-12,4511,2337,1301
2014-06-13,4511,2337,1301
2014-06-14,4512,2338,1302
2014-06-15,4515,2338,1305
2014-06-16,4525,2344,1309
2014-06-17,4530,2347,1313
2014-06-18,4533,2351,1315
2014-06-19,4537,2353,1317
2014-06-20,4539,2355,1319
2014-06-21,4559,2361,1324
2014-06-22,4561,2364,1325
2014-06-23,4578,2369,1325
2014-06-24,4582,2378,1327
2014-06-25,4594,2383,1328
2014-06-26,4602,2388,1330
2014-06-27,4616,2393,1332
2014-06-28,4631,2396,1334
2014-06-29,4637,2399,1336
2014-06-30,4644,2400,1337
2014-07-01,4657,2403,1337
2014-07-02,4668,2408,1338
2014-07-03,4676,2410,1339
2014-07-04,4682,2411,1339
2014-07-05,4684,2415,1340
2014-07-06,4688,2418,1343
2014-07-07,4717,2422,1345
2014-07-08,4725,2430,1346
2014-07-09,4737,2435,1350
2014-07-10,4740,2441,1351
2014-07-11,4748,2441,1352
2014-07-12,4753,2445,1355
2014-07-13,4758,2449,1357
2014-07-14,4771,2454,1357
2014-07-15,4782,2461,1360
2014-07-16,4786,2467,1362
2014-07-17,4793,2468,1364
2014-07-18,4813,2475,1364
2014-07-19,4813,2475,1364
2014-07-20,4816,2476,1365
2014-07-21,4827,2479,1366
2014-07-22,4830,2481,1368
2014-07-23,4836,2483,1370
2014-07-24,4842,2486,1373
2014-07-25,4845,2488,1373
2014-07-26,4846,2491,1373
2014-07-27,4846,2491,1373
2014-07-28,4855,2494,1374
2014-07-29,4861,2497,1375
2014-07-30,4870,2499,1377
2014-07-31,4879,2504,1378
2014-08-01,4881,2507,1378
2014-08-02,4881,2509,1380
2014-08-03,4886,2510,1381
2014-08-04,4896,2515,1383
2014-08-05,4897,2519,1385
2014-08-06,4912,2523,1387
2014-08-07,4917,2531,1387
2014-08-08,4927,2537,1389
2014-08-09,4928,2538,1389
2014-08-10,4929,2542,1390
2014-08-11,4942,2546,1393
2014-08-12,4952,2552,1394
2014-08-13,4956,2561,1395
2014-08-14,4959,2564,1395
2014-08-15,4963,2568,1397
2014-08-16,4969,2571,1398
2014-08-17,4974,2577,1398
2014-08-18,4986,2583,1400
2014-08-19,4993,2589,1400
2014-08-20,4999,2595,1401
2014-08-21,5005,2598,1404
2014-08-22,5007,2599,1405
2014-08-23,5015,2603,1406
2014-08-24,5019,2605,1409
2014-08-25,5025,2606,1409
2014-08-26,5049,2610,1409
2014-08-27,5058,2614,1410
2014-08-28,5061,2621,1412
2014-08-29,5066,2623,1412
2014-08-30,5072,2629,1415
2014-08-31,5077,2636,1416
2014-09-01,5087,2638,1418
2014-09-02,5093,2649,1420
2014-09-03,5099,2661,1421
2014-09-04,5112,2665,1424
2014-09-05,5119,2671,1427
2014-09-06,5123,2672,1428
2014-09-07,5124,2674,1429
2014-09-08,5144,2683,1433
2014-09-09,5150,2689,1436
2014-09-10,5164,2693,1440
2014-09-11,5167,2695,1442
2014-09-12,5175,2697,1446
2014-09-13,5175,2697,1446
2014-09-14,5178,2700,1448
2014-09-15,5185,2707,1453
2014-09-16,5204,2712,1453
2014-09-17,5208,2713,1454
2014-09-18,5218,2720,1455
2014-09-19,5222,2722,1457
2014-09-20,5227,2727,1458
2014-09-21,5230,2727,1458
2014-09-22,5242,2734,1458
2014-09-23,5255,2741,1458
2014-09-24,5259,2744,1461
2014-09-25,5288,2754,1461
2014-09-26,5294,2754,1461
2014-09-27,5298,2759,1462
2014-09-28,5299,2762,1465
2014-09-29,5310,2765,1466
2014-09-30,5319,2774,1467
2014-10-01,5335,2779,1468
2014-10-02,5364,2785,1471
2014-10-03,5372,2788,1472
2014-10-04,5374,2788,1472
2014-10-05,5374,2788,1472
2014-10-06,5382,2792,1473
2014-10-07,5391,2797,1473
2014-10-08,5399,2798,1475
2014-10-09,5403,2799,1476
2014-10-10,5414,2805,1477
2014-10-11,5417,2805,1477
2014-10-12,5417,2805,1477
2014-10-13,5421,2810,1478
2014-10-14,5436,2813,1478
2014-10-15,5444,2813,1478
2014-10-16,5449,2818,1479
2014-10-17,5459,2820,1480
2014-10-18,5459,2820,1480
2014-10-19,5459,2820,1480
2014-10-20,5463,2826,1480
2014-10-21,5475,2832,1481
2014-10-22,5482,2835,1482
2014-10-23,5487,2839,1486
2014-10-24,5501,2845,1490
2014-10-25,5513,2848,1490
2014-10-26,5513,2848,1490
2014-10-27,5530,2849,1491
2014-10-28,5540,2857,1493
2014-10-29,5546,2865,1495
2014-10-30,5561,2870,1498
2014-10-31,5579,2873,1498
2014-11-01,5580,2877,1499
2014-11-02,5580,2877,1499
2014-11-03,5589,2880,1500
2014-11-04,5599,2887,1501
2014-11-05,5607,2896,1501
2014-11-06,5615,2906,1501
2014-11-07,5624,2913,1502
2014-11-08,5627,2920,1503
2014-11-09,5627,2920,1503
2014-11-10,5635,2925,1504
2014-11-11,5635,2926,1505
2014-11-12,5640,2930,1508
2014-11-13,5648,2936,1510
2014-11-14,5653,2940,1512
2014-11-15,5653,2940,1512
2014-11-16,5660,2944,1512
2014-11-17,5675,2949,1513
2014-11-18,5698,2954,1516
2014-11-19,5716,2960,1519
2014-11-20,5757,2970,1521
2014-11-21,5767,2975,1527
2014-11-22,5771,2979,1527
2014-11-23,5777,2982,1530
2014-11-24,5790,2984,1530
2014-11-25,5804,2993,1531
2014-11-26,5830,2996,1539
2014-11-27,5836,3000,1539
2014-11-28,5842,3005,1539
2014-11-29,5843,3007,1539
2014-11-30,5844,3009,1540
2014-12-01,5854,3013,1540
2014-12-02,5865,3019,1541
2014-12-03,5873,3025,1542
2014-12-04,5881,3028,1544
2014-12-05,5892,3031,1545
2014-12-06,5898,3034,1545
2014-12-07,5900,3039,1545
2014-12-08,5909,3042,1546
2014-12-09,5918,3047,1547
2014-12-10,5920,3047,1548
2014-12-11,5934,3053,1550
2014-12-12,5942,3056,1550
2014-12-13,5943,3061,1551
2014-12-14,5944,3061,1551
2014-12-15,5948,3066,1551
2014-12-16,5966,3076,1551
2014-12-17,5972,3083,1553
2014-12-18,5973,3086,1553
2014-12-19,5988,3093,1553
2014-12-20,5993,3098,1553
2014-12-21,5995,3103,1553
2014-12-22,5999,3104,1554
2014-12-23,6010,3109,1554
2014-12-24,6012,3110,1555
2014-12-25,6013,3112,1556
2014-12-26,6016,3113,1556
2014-12-27,6031,3118,1558
2014-12-28,6032,3122,1560
2014-12-29,6042,3127,1562
2014-12-30,6050,3130,1567
2014-12-31,6059,3134,1568
2015-01-01,6060,3137,1569
2015-01-02,6076,3138,1569
2015-01-03,6079,3139,1569
2015-01-04,6085,3141,1570
2015-01-05,6104,3142,1571
2015-01-06,6112,3146,1573
2015-01-07,6123,3150,1573
2015-01-08,6133,3154,1574
2015-01-09,6135,3158,1579
2015-01-10,6139,3161,1581
2015-01-11,6140,3163,1583
2015-01-12,6148,3168,1586
2015-01-13,6151,3169,1587
2015-01-14,6164,3172,1592
2015-01-15,6165,3176,1596
2015-01-16,6173,3179,1597
2015-01-17,6176,3179,1597
2015-01-18,6176,3179,1597
2015-01-19,6179,3181,1599
2015-01-20,6189,3184,1601
2015-01-21,6192,3185,1601
2015-01-22,6192,3185,1601
2015-01-23,6194,3192,1603
2015-01-24,6195,3194,1604
2015-01-25,6197,3197,1604
2015-01-26,6205,3199,1605
2015-01-27,6205,3199,1605
2015-01-28,6207,3201,1605
2015-01-29,6213,3201,1606
2015-01-30,6214,3202,1608
2015-01-31,6228,3207,1609
2015-02-01,6233,3208,1609
2015-02-02,6235,3210,1611
2015-02-03,6246,3212,1614
2015-02-04,6258,3219,1616
2015-02-05,6260,3220,1617
2015-02-06,6263,3221,1618
2015-02-07,6263,3221,1618
2015-02-08,6264,3225,1618
2015-02-09,6268,3228,1620
2015-02-10,6270,3231,1623
2015-02-11,6271,3231,1624
2015-02-12,6271,3231,1624
2015-02-13,6272,3231,1625
2015-02-14,6273,3232,1626
2015-02-15,6274,3232,1627
2015-02-16,6276,3232,1628
2015-02-17,6277,3233,1631
2015-02-18,6278,3235,1632
2015-02-19,6278,3235,1634
2015-02-20,6279,3238,1635
2015-02-21,6281,3242,1636
2015-02-22,6281,3242,1636
2015-02-23,6285,3244,1637
2015-02-24,6288,3247,1639
2015-02-25,6291,3249,1641
2015-02-26,6299,3254,1641
2015-02-27,6299,3254,1641
2015-02-28,6299,3254,1641
2015-03-01,6300,3255,1642
2015-03-02,6301,3256,1643
2015-03-03,6307,3259,1645
2015-03-04,6307,3259,1645
2015-03-05,6310,3261,1646
2015-03-06,6331,3266,1647
2015-03-07,6332,3267,1650
2015-03-08,6332,3267,1650
2015-03-09,6341,3269,1650
2015-03-10,6342,3270,1652
2015-03-11,6349,3273,1653
2015-03-12,6358,3277,1654
2015-03-13,6364,3282,1656
2015-03-14,6364,3282,1656
2015-03-15,6364,3282,1656
2015-03-16,6368,3284,1661
2015-03-17,6372,3289,1664
2015-03-18,6373,3293,1665
2015-03-19,6373,3293,1665
2015-03-20,6377,3293,1665
2015-03-21,6380,3296,1666
2015-03-22,6382,3300,1667
2015-03-23,6382,3300,1667
2015-03-24,6401,3303,1667
2015-03-25,6403,3304,1668
2015-03-26,6408,3307,1668
2015-03-27,6413,3312,1668
2015-03-28,6413,3312,1668
2015-03-29,6416,3313,1668
2015-03-30,6419,3313,1669
2015-03-31,6419,3313,1669
2015-04-01,6431,3316,1669
2015-04-02,6432,3320,1670
2015-04-03,6434,3324,1670
2015-04-04,6435,3326,1670
2015-04-05,6435,3326,1670
2015-04-06,6436,3328,1671
2015-04-07,6438,3330,1672
2015-04-08,6444,3331,1675
2015-04-09,6446,3335,1675
2015-04-10,6449,3345,1676
2015-04-11,6449,3345,1676
2015-04-12,6454,3346,1677
2015-04-13,6458,3349,1677
2015-04-14,6461,3352,1678
2015-04-15,6468,3353,1681
2015-04-16,6471,3357,1681
2015-04-17,6472,3358,1682
2015-04-18,6472,3358,1682
2015-04-19,6474,3361,1683
2015-04-20,6497,3367,1684
2015-04-21,6501,3369,1687
2015-04-22,6505,3375,1688
2015-04-23,6510,3377,1688
2015-04-24,6519,3380,1689
2015-04-25,6520,3386,1689
2015-04-26,6522,3387,1691
2015-04-27,6523,3388,1693
2015-04-28,6538,3393,1694
2015-04-29,6550,3397,1696
2015-04-30,6560,3400,1696
2015-05-01,6570,3402,1699
2015-05-02,6573,3405,1700
2015-05-03,6574,3406,1702
2015-05-04,6588,3410,1702
2015-05-05,6594,3412,1703
2015-05-06,6602,3415,1706
2015-05-07,6605,3416,1707
2015-05-08,6606,3418,1708
2015-05-09,6609,3418,1709
2015-05-10,6611,3418,1709
2015-05-11,6614,3419,1709
2015-05-12,6628,3424,1709
2015-05-13,6635,3431,1710
2015-05-14,6654,3436,1711
2015-05-15,6667,3440,1712
2015-05-16,6672,3443,1713
2015-05-17,6672,3443,1713
2015-05-18,6686,3448,1713
2015-05-19,6693,3453,1714
2015-05-20,6699,3455,1715
2015-05-21,6702,3458,1716
2015-05-22,6706,3462,1717
2015-05-23,6707,3464,1719
2015-05-24,6709,3464,1720
2015-05-25,6709,3464,1720
2015-05-26,6719,3467,1721
2015-05-27,6735,3471,1723
2015-05-28,6739,3473,1724
2015-05-29,6741,3473,1724
2015-05-30,6741,3473,1724
2015-05-31,6742,3477,1724
2015-06-01,6751,3483,1725
2015-06-02,6760,3488,1725
2015-06-03,6769,3493,1726
2015-06-04,6788,3502,1726
2015-06-05,6794,3505,1726
2015-06-06,6801,3507,1727
2015-06-07,6802,3510,1727
2015-06-08,6805,3515,1730
2015-06-09,6811,3520,1731
2015-06-10,6823,3524,1733
2015-06-11,6832,3524,1734
2015-06-12,6837,3528,1736
2015-06-13,6838,3530,1736
2015-06-14,6839,3531,1736
2015-06-15,6847,3534,1736
2015-06-16,6856,3539,1741
2015-06-17,6870,3541,1742
2015-06-18,6875,3544,1743
2015-06-19,6884,3550,1745
2015-06-20,6886,3553,1746
2015-06-21,6888,3556,1746
2015-06-22,6896,3558,1748
2015-06-23,6898,3561,1750
2015-06-24,6899,3569,1753
2015-06-25,6906,3569,1753
2015-06-26,6910,3573,1753
2015-06-27,6910,3573,1753
2015-06-28,6910,3573,1753
2015-06-29,6911,3577,1753
2015-06-30,6920,3579,1754
2015-07-01,6926,3581,1755
2015-07-02,6941,3585,1756
2015-07-03,6951,3591,1757
2015-07-04,6951,3591,1757
2015-07-05,6952,3591,1757
2015-07-06,6956,3597,1757
2015-07-07,6959,3601,1763
2015-07-08,6962,3606,1764
2015-07-09,6964,3612,1767
2015-07-10,6979,3616,1767
2015-07-11,6982,3622,1767
2015-07-12,6984,3623,1769
2015-07-13,6989,3625,1771
2015-07-14,6994,3630,1775
2015-07-15,7005,3634,1777
2015-07-16,7006,3639,1777
2015-07-17,7011,3642,1778
2015-07-18,7016,3643,1780
2015-07-19,7017,3643,1781
2015-07-20,7033,3643,1781
2015-07-21,7036,3643,1782
2015-07-22,7040,3646,1785
2015-07-23,7046,3648,1785
2015-07-24,7051,3650,1786
2015-07-25,7052,3650,1787
2015-07-26,7052,3650,1787
2015-07-27,7070,3653,1788
2015-07-28,7077,3657,1789
2015-07-29,7081,3657,1792
2015-07-30,7082,3658,1794
2015-07-31,7087,3661,1796
2015-08-01,7089,3664,1797
2015-08-02,7089,3664,1797
2015-08-03,7101,3667,1799
2015-08-04,7105,3670,1803
2015-08-05,7113,3673,1806
2015-08-06,7119,3677,1809
2015-08-07,7126,3680,1810
2015-08-08,7129,3681,1813
2015-08-09,7129,3681,1813
2015-08-10,7138,3683,1815
2015-08-11,7147,3688,1817
2015-08-12,7149,3689,1817
2015-08-13,7150,3690,1819
2015-08-14,7153,3692,1820
2015-08-15,7153,3692,1821
2015-08-16,7153,3692,1821
2015-08-17,7159,3696,1822
2015-08-18,7161,3699,1824
2015-08-19,7168,3699,1827
2015-08-20,7173,3701,1828
2015-08-21,7175,3703,1828
2015-08-22,7186,3703,1829
2015-08-23,7187,3704,1830
2015-08-24,7189,3705,1833
2015-08-25,7195,3708,1833
2015-08-26,7198,3709,1833
2015-08-27,7198,3709,1833
2015-08-28,7198,3709,1833
2015-08-29,7200,3711,1834
2015-08-30,7200,3711,1834
2015-08-31,7203,3715,1839
2015-09-01,7204,3717,1843
2015-09-02,7219,3724,1845
2015-09-03,7235,3728,1848
2015-09-04,7246,3733,1849
2015-09-05,7246,3733,1849
2015-09-06,7248,3736,1849
2015-09-07,7252,3743,1849
2015-09-08,7261,3745,1850
2015-09-09,7261,3745,1850
2015-09-10,7261,3745,1850
2015-09-11,7261,3745,1850
2015-09-12,7264,3748,1851
2015-09-13,7266,3750,1851
2015-09-14,7267,3752,1852
2015-09-15,7268,3753,1854
2015-09-16,7287,3755,1859
2015-09-17,7293,3760,1859
2015-09-18,7300,3766,1860
2015-09-19,7302,3766,1863
2015-09-20,7303,3768,1865
2015-09-21,7311,3771,1865
2015-09-22,7320,3772,1867
2015-09-23,7331,3774,1868
2015-09-24,7336,3778,1870
2015-09-25,7342,3781,1870
2015-09-26,7345,3782,1871
2015-09-27,7346,3784,1872
2015-09-28,7352,3788,1873
2015-09-29,7362,3790,1874
2015-09-30,7371,3793,1875
2015-10-01,7398,3795,1875
2015-10-02,7400,3799,1877
2015-10-03,7401,3799,1878
2015-10-04,7402,3799,1882
2015-10-05,7411,3804,1883
2015-10-06,7424,3810,1886
2015-10-07,7426,3811,1888
2015-10-08,7432,3816,1890
2015-10-09,7450,3825,1892
2015-10-10,7453,3829,1893
2015-10-11,7457,3832,1893
2015-10-12,7459,3835,1895
2015-10-13,7480,3843,1897
2015-10-14,7484,3850,1899
2015-10-15,7491,3853,1901
2015-10-16,7492,3855,1903
2015-10-17,7494,3858,1903
2015-10-18,7496,3862,1905
2015-10-19,7504,3869,1906
2015-10-20,7517,3871,1907
2015-10-21,7520,3876,1908
2015-10-22,7526,3879,1909
2015-10-23,7550,3889,1911
2015-10-24,7550,3889,1911
2015-10-25,7552,3891,1911
2015-10-26,7567,3892,1911
2015-10-27,7571,3895,1911
2015-10-28,7585,3898,1912
2015-10-29,7593,3903,1914
2015-10-30,7596,3908,1914
2015-10-31,7599,3910,1916
2015-11-01,7603,3912,1916
2015-11-02,7607,3913,1917
2015-11-03,7616,3918,1917
2015-11-04,7632,3925,1919
2015-11-05,7640,3930,1922
2015-11-06,7642,3934,1926
2015-11-07,7642,3934,1926
2015-11-08,7643,3935,1926
2015-11-09,7653,3940,1930
2015-11-10,7674,3945,1930
2015-11-11,7692,3953,1931
2015-11-12,7709,3958,1933
2015-11-13,7730,3966,1938
2015-11-14,7745,3968,1941
2015-11-15,7746,3970,1941
2015-11-16,7767,3977,1945
2015-11-17,7779,3986,1949
2015-11-18,7789,3994,1951
2015-11-19,7803,4001,1951
2015-11-20,7814,4009,1951
2015-11-21,7820,4010,1952
2015-11-22,7824,4013,1953
2015-11-23,7827,4018,1955
2015-11-24,7842,4023,1957
2015-11-25,7848,4027,1959
2015-11-26,7852,4034,1961
2015-11-27,7872,4041,1966
2015-11-28,7885,4045,1967
2015-11-29,7892,4046,1968
2015-11-30,7935,4051,1968
2015-12-01,7970,4062,1970
2015-12-02,8001,4069,1970
2015-12-03,8008,4073,1974
2015-12-04,8012,4078,1975
2015-12-05,8015,4078,1977
2015-12-06,8016,4079,1978
2015-12-07,8023,4084,1980
2015-12-08,8028,4086,1980
2015-12-09,8032,4091,1983
2015-12-10,8035,4092,1984
2015-12-11,8040,4092,1985
2015-12-12,8043,4094,1985
2015-12-13,8045,4096,1987
2015-12-14,8059,4102,1990
2015-12-15,8061,4104,1991
2015-12-16,8063,4109,1991
2015-12-17,8065,4112,1992
2015-12-18,8070,4115,1994
2015-12-19,8071,4115,1996
2015-12-20,8072,4116,1997
2015-12-21,8073,4119,2001
2015-12-22,8086,4119,2003
2015-12-23,8087,4119,2006
2015-12-24,8088,4120,2006
2015-12-25,8089,4123,2007
2015-12-26,8092,4126,2008
2015-12-27,8092,4126,2008
2015-12-28,8092,4126,2008
2015-12-29,8093,4127,2008
2015-12-30,8095,4130,2009
2015-12-31,8095,4130,2009
2016-01-01,8095,4130,2009
2016-01-02,8098,4131,2010
2016-01-03,8101,4133,2014
2016-01-04,8114,4141,2017
2016-01-05,8130,4145,2021
2016-01-06,8134,4146,2023
2016-01-07,8146,4152,2023
2016-01-08,8152,4158,2026
2016-01-09,8158,4160,2026
2016-01-10,8159,4161,2027
2016-01-11,8160,4162,2027
2016-01-12,8161,4163,2029
2016-01-13,8174,4170,2030
2016-01-14,8177,4174,2033
2016-01-15,8183,4179,2034
2016-01-16,8185,4179,2036
2016-01-17,8188,4182,2040
2016-01-18,8206,4190,2042
2016-01-19,8211,4192,2044
2016-01-20,8219,4195,2045
2016-01-21,8220,4198,2045
2016-01-22,8223,4203,2049
2016-01-23,8225,4206,2051
2016-01-24,8225,4206,2051
2016-01-25,8227,4209,2053
2016-01-26,8229,4210,2055
2016-01-27,8237,4215,2058
2016-01-28,8245,4220,2062
2016-01-29,8247,4223,2063
2016-01-30,8249,4223,2063
2016-01-31,8252,4225,2066
2016-02-01,8261,4228,2072
2016-02-02,8263,4230,2072
2016-02-03,8270,4234,2074
2016-02-04,8273,4236,2075
2016-02-05,8273,4236,2075
2016-02-06,8273,4236,2075
2016-02-07,8274,4238,2076
2016-02-08,8277,4242,2079
2016-02-09,8284,4247,2082
2016-02-10,8290,4252,2088
2016-02-11,8296,4261,2094
2016-02-12,8302,4266,2095
2016-02-13,8303,4268,2096
2016-02-14,8305,4270,2096
2016-02-15,8307,4272,2097
2016-02-16,8309,4277,2099
2016-02-17,8309,4277,2099
2016-02-18,8312,4280,2100
2016-02-19,8312,4280,2100
2016-02-20,8312,4280,2100
2016-02-21,8312,4280,2100
2016-02-22,8312,4280,2100
2016-02-23,8314,4281,2103
2016-02-24,8318,4288,2106
2016-02-25,8318,4288,2106
2016-02-26,8323,4295,2107
2016-02-27,8328,4300,2108
2016-02-28,8328,4300,2108
2016-02-29,8329,4304,2108
2016-03-01,8334,4306,2110
2016-03-02,8335,4307,2112
2016-03-03,8337,4310,2115
2016-03-04,8337,4310,2115
2016-03-05,8338,4310,2115
2016-03-06,8338,4310,2115
2016-03-07,8338,4310,2115
2016-03-08,8341,4317,2115
2016-03-09,8345,4322,2117
2016-03-10,8346,4324,2117
2016-03-11,8350,4326,2117
2016-03-12,8352,4327,2118
2016-03-13,8352,4327,2118
2016-03-14,8368,4336,2122
2016-03-15,8373,4339,2123
2016-03-16,8376,4341,2123
2016-03-17,8380,4344,2127
2016-03-18,8397,4351,2129
2016-03-19,8401,4354,2131
2016-03-20,8401,4354,2131
2016-03-21,8409,4359,2131
2016-03-22,8412,4360,2133
2016-03-23,8417,4361,2136
2016-03-24,8418,4363,2136
2016-03-25,8418,4363,2136
2016-03-26,8419,4366,2136
2016-03-27,8419,4366,2136
2016-03-28,8422,4369,2138
2016-03-29,8427,4374,2140
2016-03-30,8430,4377,2143
2016-03-31,8433,4381,2144
2016-04-01,8436,4385,2145
2016-04-02,8441,4389,2146
2016-04-03,8448,4399,2148
2016-04-04,8455,4402,2150
2016-04-05,8465,4413,2150
2016-04-06,8469,4422,2150
2016-04-07,8478,4427,2152
2016-04-08,8481,4434,2155
2016-04-09,8487,4439,2155
2016-04-10,8491,4441,2155
2016-04-11,8498,4444,2157
2016-04-12,8499,4447,2157
2016-04-13,8502,4450,2158
2016-04-14,8505,4453,2159
2016-04-15,8516,4460,2161
2016-04-16,8521,4468,2165
2016-04-17,8523,4468,2167
2016-04-18,8530,4472,2167
2016-04-19,8540,4477,2169
2016-04-20,8552,4482,2170
2016-04-21,8555,4483,2170
2016-04-22,8559,4487,2171
2016-04-23,8564,4488,2173
2016-04-24,8565,4492,2173
2016-04-25,8575,4497,2174
2016-04-26,8586,4506,2175
2016-04-27,8596,4512,2176
2016-04-28,8605,4516,2178
2016-04-29,8607,4519,2181
2016-04-30,8610,4523,2184
2016-05-01,8610,4523,2184
2016-05-02,8613,4525,2187
2016-05-03,8613,4525,2187
2016-05-04,8618,4529,2189
2016-05-05,8629,4536,2191
2016-05-06,8639,4542,2192
2016-05-07,8639,4542,2192
2016-05-08,8640,4543,2195
2016-05-09,8648,4547,2197
2016-05-10,8661,4553,2199
2016-05-11,8666,4555,2201
2016-05-12,8674,4559,2202
2016-05-13,8683,4561,2202
2016-05-14,8683,4561,2202
2016-05-15,8686,4564,2202
2016-05-16,8692,4565,2203
2016-05-17,8703,4569,2205
2016-05-18,8707,4572,2206
2016-05-19,8711,4574,2208
2016-05-20,8715,4578,2209
2016-05-21,8720,4581,2210
2016-05-22,8721,4583,2210
2016-05-23,8721,4583,2210
2016-05-24,8723,4586,2212
2016-05-25,8726,4586,2213
2016-05-26,8730,4589,2216
2016-05-27,8734,4592,2217
2016-05-28,8737,4594,2218
2016-05-29,8738,4595,2218
2016-05-30,8742,4599,2225
2016-05-31,8746,4601,2225
2016-06-01,8750,4603,2227
2016-06-02,8767,4608,2229
2016-06-03,8769,4610,2230
2016-06-04,8771,4610,2231
2016-06-05,8772,4612,2231
2016-06-06,8784,4616,2232
2016-06-07,8795,4620,2238
2016-06-08,8804,4629,2239
2016-06-09,8816,4637,2240
2016-06-10,8828,4639,2241
2016-06-11,8828,4639,2241
2016-06-12,8830,4641,2242
2016-06-13,8844,4646,2242
2016-06-14,8846,4647,2243
2016-06-15,8853,4652,2243
2016-06-16,8856,4654,2244
2016-06-17,8865,4658,2245
2016-06-18,8869,4661,2249
2016-06-19,8879,4663,2250
2016-06-20,8891,4666,2251
2016-06-21,8897,4671,2251
2016-06-22,8925,4676,2254
2016-06-23,8928,4679,2258
2016-06-24,8934,4685,2259
2016-06-25,8934,4685,2259
2016-06-26,8936,4689,2262
2016-06-27,8939,4692,2263
2016-06-28,8947,4698,2264
2016-06-29,8949,4704,2266
2016-06-30,8953,4706,2268
2016-07-01,8954,4707,2268
2016-07-02,8955,4707,2269
2016-07-03,8955,4707,2269
2016-07-04,8955,4707,2269
2016-07-05,8958,4711,2269
2016-07-06,8962,4712,2271
2016-07-07,8968,4716,2271
2016-07-08,8972,4723,2271
2016-07-09,8977,4725,2272
2016-07-10,8977,4725,2272
2016-07-11,8977,4725,2272
2016-07-12,8980,4726,2274
2016-07-13,8980,4726,2274
2016-07-14,8982,4728,2274
2016-07-15,8985,4731,2274
2016-07-16,8987,4735,2274
2016-07-17,8988,4737,2276
2016-07-18,8996,4750,2276
2016-07-19,8999,4754,2278
2016-07-20,9001,4758,2279
2016-07-21,9005,4761,2279
2016-07-22,9008,4763,2279
2016-07-23,9008,4763,2279
2016-07-24,9011,4765,2282
2016-07-25,9011,4765,2282
2016-07-26,9013,4767,2284
2016-07-27,9017,4770,2287
2016-07-28,9025,4774,2289
2016-07-29,9031,4778,2292
2016-07-30,9038,4779,2294
2016-07-31,9046,4781,2297
2016-08-01,9049,4787,2297
2016-08-02,9051,4789,2298
2016-08-03,9052,4791,2298
2016-08-04,9053,4801,2299
2016-08-05,9057,4807,2299
2016-08-06,9058,4811,2301
2016-08-07,9061,4814,2304
2016-08-08,9065,4819,2304
2016-08-09,9071,4820,2305
2016-08-10,9074,4822,2307
2016-08-11,9074,4822,2307
2016-08-12,9077,4824,2308
2016-08-13,9078,4828,2309
2016-08-14,9080,4829,2310
2016-08-15,9083,4834,2311
2016-08-16,9089,4841,2314
2016-08-17,9093,4844,2316
2016-08-18,9097,4851,2316
2016-08-19,9102,4856,2317
2016-08-20,9104,4857,2318
2016-08-21,9107,4857,2319
2016-08-22,9112,4859,2319
2016-08-23,9120,4865,2320
2016-08-24,9125,4872,2324
2016-08-25,9131,4879,2328
2016-08-26,9151,4890,2330
2016-08-27,9155,4895,2334
2016-08-28,9160,4897,2334
2016-08-29,9162,4900,2334
2016-08-30,9163,4902,2336
2016-08-31,9165,4909,2337
2016-09-01,9171,4912,2339
2016-09-02,9175,4923,2343
2016-09-03,9176,4925,2343
2016-09-04,9179,4926,2343
2016-09-05,9183,4929,2344
2016-09-06,9187,4932,2347
2016-09-07,9190,4940,2347
2016-09-08,9225,4942,2348
2016-09-09,9227,4948,2351
2016-09-10,9229,4951,2351
2016-09-11,9233,4955,2352
2016-09-12,9233,4955,2352
2016-09-13,9241,4965,2354
2016-09-14,9247,4975,2357
2016-09-15,9255,4981,2358
2016-09-16,9260,4987,2360
2016-09-17,9261,4989,2362
2016-09-18,9262,4992,2362
2016-09-19,9264,4995,2365
2016-09-20,9268,5001,2366
2016-09-21,9281,5012,2369
2016-09-22,9288,5022,2372
2016-09-23,9292,5024,2373
2016-09-24,9293,5026,2373
2016-09-25,9300,5031,2374
2016-09-26,9306,5036,2375
2016-09-27,9311,5042,2376
2016-09-28,9317,5049,2378
2016-09-29,9325,5060,2379
2016-09-30,9330,5065,2380
2016-10-01,9334,5073,2381
2016-10-02,9337,5075,2382
2016-10-03,9338,5080,2385
2016-10-04,9360,5089,2388
2016-10-05,9366,5098,2389
2016-10-06,9369,5098,2389
2016-10-07,9369,5098,2389
2016-10-08,9369,5098,2389
2016-10-09,9369,5098,2389
2016-10-10,9371,5099,2391
2016-10-11,9372,5101,2393
2016-10-12,9372,5101,2393
2016-10-13,9375,5105,2394
2016-10-14,9376,5108,2395
2016-10-15,9381,5113,2398
2016-10-16,9389,5114,2399
2016-10-17,9405,5124,2403
2016-10-18,9412,5138,2407
2016-10-19,9424,5140,2410
2016-10-20,9431,5147,2416
2016-10-21,9434,5151,2417
2016-10-22,9438,5153,2417
2016-10-23,9438,5153,2417
2016-10-24,9446,5156,2422
2016-10-25,9450,5163,2423
2016-10-26,9452,5168,2426
2016-10-27,9458,5172,2429
2016-10-28,9463,5174,2431
2016-10-29,9463,5174,2431
2016-10-30,9466,5178,2432
2016-10-31,9479,5181,2435
2016-11-01,9480,5185,2438
2016-11-02,9492,5194,2439
2016-11-03,9506,5199,2442
2016-11-04,9510,5202,2447
2016-11-05,9510,5202,2447
2016-11-06,9512,5203,2448
2016-11-07,9537,5207,2450
2016-11-08,9542,5212,2454
2016-11-09,9556,5220,2457
2016-11-10,9559,5224,2457
2016-11-11,9565,5235,2461
2016-11-12,9569,5240,2464
2016-11-13,9571,5242,2466
2016-11-14,9577,5248,2467
2016-11-15,9581,5251,2470
2016-11-16,9582,5253,2471
2016-11-17,9584,5258,2471
2016-11-18,9589,5263,2475
2016-11-19,9589,5263,2475
2016-11-20,9594,5264,2476
2016-11-21,9597,5265,2478
2016-11-22,9603,5271,2479
2016-11-23,9610,5273,2483
2016-11-24,9618,5275,2486
2016-11-25,9623,5279,2486
2016-11-26,9629,5282,2486
2016-11-27,9633,5285,2487
2016-11-28,9635,5287,2489
2016-11-29,9641,5292,2490
2016-11-30,9644,5298,2495
2016-12-01,9650,5304,2496
2016-12-02,9659,5312,2496
2016-12-03,9670,5315,2496
2016-12-04,9680,5319,2498
2016-12-05,9691,5324,2500
2016-12-06,9696,5335,2501
2016-12-07,9700,5337,2501
2016-12-08,9708,5338,2502
2016-12-09,9714,5348,2502
2016-12-10,9715,5350,2504
2016-12-11,9716,5352,2507
2016-12-12,9723,5362,2509
2016-12-13,9729,5367,2511
2016-12-14,9735,5372,2513
2016-12-15,9746,5376,2514
2016-12-16,9748,5386,2517
2016-12-17,9749,5388,2517
2016-12-18,9749,5388,2517
2016-12-19,9750,5395,2520
2016-12-20,9756,5400,2523
2016-12-21,9761,5411,2526
2016-12-22,9769,5413,2528
2016-12-23,9774,5419,2529
2016-12-24,9780,5422,2529
2016-12-25,9780,5422,2529
2016-12-26,9782,5424,2535
2016-12-27,9785,5427,2536
2016-12-28,9785,5427,2536
2016-12-29,9801,5430,2539
2016-12-30,9805,5432,2542
2016-12-31,9806,5435,2542
2017-01-01,9806,5435,2542
2017-01-02,9808,5437,2545
2017-01-03,9819,5439,2547
2017-01-04,9855,5449,2548
2017-01-05,9879,5451,2550
2017-01-06,9882,5456,2551
2017-01-07,9884,5458,2551
2017-01-08,9884,5458,2551
2017-01-09,9889,5464,2551
2017-01-10,9907,5475,2552
2017-01-11,9923,5482,2553
2017-01-12,9939,5493,2557
2017-01-13,9956,5496,2560
2017-01-14,9964,5506,2560
2017-01-15,9967,5506,2563
2017-01-16,9970,5507,2564
2017-01-17,9975,5509,2564
2017-01-18,9978,5513,2565
2017-01-19,9989,5523,2568
2017-01-20,10003,5534,2571
2017-01-21,10004,5536,2571
2017-01-22,10005,5537,2572
2017-01-23,10011,5543,2573
2017-01-24,10015,5549,2574
2017-01-25,10023,5553,2576
2017-01-26,10029,5557,2581
2017-01-27,10031,5560,2582
2017-01-28,10036,5564,2583
2017-01-29,10037,5565,2583
2017-01-30,10039,5565,2585
2017-01-31,10043,5570,2586
2017-02-01,10049,5572,2589
2017-02-02,10063,5576,2591
2017-02-03,10066,5583,2593
2017-02-04,10067,5584,2599
2017-02-05,10069,5586,2599
2017-02-06,10075,5593,2601
2017-02-07,10082,5603,2604
2017-02-08,10090,5610,2605
2017-02-09,10096,5616,2606
2017-02-10,10119,5623,2606
2017-02-11,10119,5623,2606
2017-02-12,10120,5626,2607
2017-02-13,10128,5633,2608
2017-02-14,10130,5637,2610
2017-02-15,10135,5645,2612
2017-02-16,10144,5649,2614
2017-02-17,10156,5656,2616
2017-02-18,10158,5659,2616
2017-02-19,10160,5663,2621
2017-02-20,10166,5668,2624
2017-02-21,10171,5674,2626
2017-02-22,10179,5680,2628
2017-02-23,10188,5691,2633
2017-02-24,10190,5697,2635
2017-02-25,10191,5700,2636
2017-02-26,10192,5704,2640
2017-02-27,10216,5713,2644
2017-02-28,10222,5720,2648
2017-03-01,10228,5726,2650
2017-03-02,10230,5729,2651
2017-03-03,10247,5734,2651
2017-03-04,10250,5736,2656
2017-03-05,10254,5740,2658
2017-03-06,10264,5745,2660
2017-03-07,10272,5754,2665
2017-03-08,10283,5761,2669
2017-03-09,10300,5767,2671
2017-03-10,10306,5772,2673
2017-03-11,10309,5773,2674
2017-03-12,10310,5775,2675
2017-03-13,10312,5779,2677
2017-03-14,10315,5783,2678
2017-03-15,10322,5788,2684
2017-03-16,10326,5796,2686
2017-03-17,10329,5799,2689
2017-03-18,10334,5800,2694
2017-03-19,10337,5803,2695
2017-03-20,10346,5806,2695
2017-03-21,10354,5810,2697
2017-03-22,10362,5819,2697
2017-03-23,10365,5822,2700
2017-03-24,10391,5826,2702
2017-03-25,10394,5830,2703
2017-03-26,10399,5840,2705
2017-03-27,10409,5849,2705
2017-03-28,10417,5855,2708
2017-03-29,10427,5860,2708
2017-03-30,10437,5871,2709
2017-03-31,10442,5874,2711
2017-04-01,10444,5875,2711
2017-04-02,10456,5876,2714
2017-04-03,10468,5880,2714
2017-04-04,10474,5887,2715
2017-04-05,10478,5893,2715
2017-04-06,10483,5895,2715
2017-04-07,10500,5901,2717
2017-04-08,10502,5903,2718
2017-04-09,10502,5903,2718
2017-04-10,10518,5909,2719
2017-04-11,10521,5920,2720
2017-04-12,10523,5928,2720
2017-04-13,10535,5933,2721
2017-04-14,10539,5939,2724
2017-04-15,10539,5939,2724
2017-04-16,10539,5939,2724
2017-04-17,10546,5943,2724
2017-04-18,10552,5948,2724
2017-04-19,10563,5954,2725
2017-04-20,10579,5961,2727
2017-04-21,10587,5968,2728
2017-04-22,10589,5970,2729
2017-04-23,10591,5973,2731
2017-04-24,10591,5973,2731
2017-04-25,10597,5980,2731
2017-04-26,10602,5985,2731
2017-04-27,10603,5989,2734
2017-04-28,10610,5993,2736
2017-04-29,10610,5993,2736
2017-04-30,10611,5995,2737
2017-05-01,10616,6001,2738
2017-05-02,10626,6007,2741
2017-05-03,10645,6016,2745
2017-05-04,10653,6021,2746
2017-05-05,10662,6026,2746
2017-05-06,10666,6026,2747
2017-05-07,10667,6029,2747
2017-05-08,10671,6037,2750
2017-05-09,10681,6044,2751
2017-05-10,10697,6048,2751
2017-05-11,10705,6050,2752
2017-05-12,10707,6051,2754
2017-05-13,10708,6051,2755
2017-05-14,10709,6052,2758
2017-05-15,10712,6056,2761
2017-05-16,10719,6060,2762
2017-05-17,10729,6063,2764
2017-05-18,10734,6070,2764
2017-05-19,10738,6076,2765
2017-05-20,10738,6076,2765
2017-05-21,10738,6076,2765
2017-05-22,10742,6080,2767
2017-05-23,10746,6081,2767
2017-05-24,10750,6084,2767
2017-05-25,10754,6087,2770
2017-05-26,10764,6093,2770
2017-05-27,10766,6098,2773
2017-05-28,10767,6099,2773
2017-05-29,10768,6100,2775
2017-05-30,10772,6105,2775
2017-05-31,10777,6110,2781
2017-06-01,10806,6119,2785
2017-06-02,10809,6124,2787
2017-06-03,10812,6132,2787
2017-06-04,10813,6134,2789
2017-06-05,10844,6141,2789
2017-06-06,10859,6148,2790
2017-06-07,10876,6154,2790
2017-06-08,10886,6163,2790
2017-06-09,10898,6169,2791
2017-06-10,10901,6170,2792
2017-06-11,10903,6173,2794
2017-06-12,10911,6175,2794
2017-06-13,10912,6179,2794
2017-06-14,10921,6188,2795
2017-06-15,10923,6196,2799
2017-06-16,10925,6199,2805
2017-06-17,10925,6199,2805
2017-06-18,10928,6201,2808
2017-06-19,10930,6207,2809
2017-06-20,10932,6210,2809
2017-06-21,10933,6213,2813
2017-06-22,10948,6218,2813
2017-06-23,10950,6224,2814
2017-06-24,10950,6224,2814
2017-06-25,10951,6225,2814
2017-06-26,10958,6227,2816
2017-06-27,10982,6236,2818
2017-06-28,10985,6246,2820
2017-06-29,11000,6254,2821
2017-06-30,11006,6257,2822
2017-07-01,11007,6257,2822
2017-07-02,11010,6259,2824
2017-07-03,11011,6265,2832
2017-07-04,11015,6271,2833
2017-07-05,11019,6277,2835
2017-07-06,11023,6280,2837
2017-07-07,11034,6292,2838
2017-07-08,11048,6298,2838
2017-07-09,11050,6301,2839
2017-07-10,11052,6306,2840
2017-07-11,11059,6314,2843
2017-07-12,11064,6324,2845
2017-07-13,11072,6330,2847
2017-07-14,11075,6338,2849
2017-07-15,11093,6345,2850
2017-07-16,11097,6354,2850
2017-07-17,11128,6361,2854
2017-07-18,11134,6372,2857
2017-07-19,11137,6382,2857
2017-07-20,11148,6385,2858
2017-07-21,11152,6396,2860
2017-07-22,11153,6400,2865
2017-07-23,11154,6402,2865
2017-07-24,11156,6406,2867
2017-07-25,11162,6409,2869
2017-07-26,11164,6418,2871
2017-07-27,11171,6420,2872
2017-07-28,11179,6424,2874
2017-07-29,11179,6424,2874
2017-07-30,11180,6427,2876
2017-07-31,11183,6433,2879
2017-08-01,11189,6438,2881
2017-08-02,11194,6441,2882
2017-08-03,11196,6444,2885
2017-08-04,11201,6447,2886
2017-08-05,11204,6450,2889
2017-08-06,11205,6451,2889
2017-08-07,11215,6457,2890
2017-08-08,11218,6462,2890
2017-08-09,11224,6466,2892
2017-08-10,11231,6475,2892
2017-08-11,11232,6479,2894
2017-08-12,11236,6480,2897
2017-08-13,11237,6482,2899
2017-08-14,11252,6488,2901
2017-08-15,11259,6493,2903
2017-08-16,11265,6501,2909
2017-08-17,11271,6509,2911
2017-08-18,11274,6517,2913
2017-08-19,11276,6520,2915
2017-08-20,11278,6523,2915
2017-08-21,11279,6526,2918
2017-08-22,11281,6533,2919
2017-08-23,11286,6538,2922
2017-08-24,11289,6541,2924
2017-08-25,11299,6555,2929
2017-08-26,11303,6564,2935
2017-08-27,11306,6565,2937
2017-08-28,11317,6573,2940
2017-08-29,11318,6579,2942
2017-08-30,11321,6582,2943
2017-08-31,11324,6589,2945
2017-09-01,11331,6593,2948
2017-09-02,11332,6596,2950
2017-09-03,11334,6600,2951
2017-09-04,11336,6603,2951
2017-09-05,11348,6614,2957
2017-09-06,11372,6621,2960
2017-09-07,11398,6634,2966
2017-09-08,11401,6642,2969
2017-09-09,11402,6643,2970
2017-09-10,11403,6645,2971
2017-09-11,11411,6648,2973
2017-09-12,11420,6655,2975
2017-09-13,11427,6660,2980
2017-09-14,11432,6666,2981
2017-09-15,11436,6676,2983
2017-09-16,11438,6682,2987
2017-09-17,11438,6682,2987
2017-09-18,11443,6683,2988
2017-09-19,11446,6688,2990
2017-09-20,11451,6690,2993
2017-09-21,11458,6693,2995
2017-09-22,11461,6696,2995
2017-09-23,11463,6698,2996
2017-09-24,11465,6700,2997
2017-09-25,11466,6707,2998
2017-09-26,11471,6712,2999
2017-09-27,11475,6713,3000
2017-09-28,11484,6717,3000
2017-09-29,11494,6725,3001
2017-09-30,11496,6731,3003
2017-10-01,11498,6733,3003
2017-10-02,11507,6737,3004
2017-10-03,11513,6743,3005
2017-10-04,11518,6744,3008
2017-10-05,11523,6747,3010
2017-10-06,11523,6747,3010
2017-10-07,11526,6748,3013
2017-10-08,11526,6748,3013
2017-10-09,11533,6754,3015
2017-10-10,11540,6757,3016
2017-10-11,11545,6766,3017
2017-10-12,11548,6770,3017
2017-10-13,11569,6773,3017
2017-10-14,11571,6776,3017
2017-10-15,11572,6776,3022
2017-10-16,11574,6782,3023
2017-10-17,11581,6788,3023
2017-10-18,11593,6789,3025
2017-10-19,11598,6798,3025
2017-10-20,11603,6805,3026
2017-10-21,11605,6809,3029
2017-10-22,11605,6809,3029
2017-10-23,11606,6810,3031
2017-10-24,11608,6812,3032
2017-10-25,11610,6817,3033
2017-10-26,11617,6820,3036
2017-10-27,11618,6820,3036
2017-10-28,11619,6822,3036
2017-10-29,11620,6824,3039
2017-10-30,11623,6830,3040
2017-10-31,11630,6832,3043
2017-11-01,11634,6835,3044
2017-11-02,11639,6840,3044
2017-11-03,11641,6843,3046
2017-11-04,11642,6846,3048
2017-11-05,11643,6848,3051
2017-11-06,11647,6858,3051
2017-11-07,11660,6863,3053
2017-11-08,11668,6870,3057
2017-11-09,11688,6876,3059
2017-11-10,11700,6881,3060
2017-11-11,11704,6885,3063
2017-11-12,11705,6888,3067
2017-11-13,11709,6891,3069
2017-11-14,11713,6899,3072
2017-11-15,11725,6906,3075
2017-11-16,11734,6911,3076
2017-11-17,11750,6915,3077
2017-11-18,11756,6919,3086
2017-11-19,11757,6922,3088
2017-11-20,11761,6930,3091
2017-11-21,11765,6935,3092
2017-11-22,11768,6941,3093
2017-11-23,11771,6944,3096
2017-11-24,11771,6944,3096
2017-11-25,11771,6944,3096
2017-11-26,11771,6944,3096
2017-11-27,11772,6951,3100
2017-11-28,11777,6953,3102
2017-11-29,11785,6959,3104
2017-11-30,11790,6968,3107
2017-12-01,11794,6971,3113
2017-12-02,11794,6971,3113
2017-12-03,11794,6971,3113
2017-12-04,11800,6971,3116
2017-12-05,11809,6977,3122
2017-12-06,11812,6980,3124
2017-12-07,11818,6984,3127
2017-12-08,11819,6988,3131
2017-12-09,11820,6989,3131
2017-12-10,11822,6990,3131
2017-12-11,11830,6996,3134
2017-12-12,11837,7004,3138
2017-12-13,11844,7007,3142
2017-12-14,11847,7011,3150
2017-12-15,11850,7018,3153
2017-12-16,11852,7021,3153
2017-12-17,11853,7024,3158
2017-12-18,11855,7027,3161
2017-12-19,11870,7033,3168
2017-12-20,11881,7038,3174
2017-12-21,11884,7043,3177
2017-12-22,11887,7049,3180
2017-12-23,11889,7052,3184
2017-12-24,11893,7054,3188
2017-12-25,11893,7054,3188
2017-12-26,11898,7058,3191
2017-12-27,11898,7058,3191
2017-12-28,11899,7061,3194
2017-12-29,11902,7064,3196
2017-12-30,11903,7066,3200
2017-12-31,11903,7068,3201
2018-01-01,11903,7068,3201
2018-01-02,11906,7072,3201
2018-01-03,11915,7075,3201
2018-01-04,11917,7079,3206
2018-01-05,11921,7082,3206
2018-01-06,11922,7084,3208
2018-01-07,11923,7085,3212
2018-01-08,11930,7091,3216
2018-01-09,11941,7099,3218
2018-01-10,11941,7099,3218
2018-01-11,11945,7109,3222
2018-01-12,11949,7114,3225
2018-01-13,11951,7115,3227
2018-01-14,11951,7115,3227
2018-01-15,11953,7120,3230
2018-01-16,11961,7125,3233
2018-01-17,11964,7131,3234
2018-01-18,11967,7137,3236
2018-01-19,11974,7140,3240
2018-01-20,11974,7140,3240
2018-01-21,11974,7140,3240
2018-01-22,11975,7142,3243
2018-01-23,11980,7147,3246
2018-01-24,12005,7155,3249
2018-01-25,12015,7160,3252
2018-01-26,12015,7160,3252
2018-01-27,12015,7160,3252
2018-01-28,12017,7165,3255
2018-01-29,12031,7171,3256
2018-01-30,12041,7177,3257
2018-01-31,12045,7183,3263
2018-02-01,12049,7190,3265
2018-02-02,12055,7194,3271
2018-02-03,12056,7196,3274
2018-02-04,12056,7196,3274
2018-02-05,12061,7202,3276
2018-02-06,12071,7206,3281
2018-02-07,12075,7211,3283
2018-02-08,12089,7216,3290
2018-02-09,12095,7219,3295
2018-02-10,12098,7224,3296
2018-02-11,12101,7227,3297
2018-02-12,12103,7230,3300
2018-02-13,12108,7237,3302
2018-02-14,12115,7243,3303
2018-02-15,12131,7249,3306
2018-02-16,12143,7260,3316
2018-02-17,12148,7264,3320
2018-02-18,12149,7266,3321
2018-02-19,12150,7268,3323
2018-02-20,12159,7278,3325
2018-02-21,12160,7280,3332
2018-02-22,12164,7284,3333
2018-02-23,12165,7288,3337
2018-02-24,12165,7288,3337
2018-02-25,12167,7289,3340
2018-02-26,12172,7296,3346
2018-02-27,12179,7308,3349
2018-02-28,12181,7313,3350
2018-03-01,12191,7317,3356
2018-03-02,12193,7321,3356
2018-03-03,12198,7325,3359
2018-03-04,12198,7325,3359
2018-03-05,12204,7330,3362
2018-03-06,12229,7344,3366
2018-03-07,12239,7353,3369
2018-03-08,12241,7359,3373
2018-03-09,12244,7363,3376
2018-03-10,12249,7368,3379
2018-03-11,12255,7370,3380
2018-03-12,12255,7370,3380
2018-03-13,12269,7373,3380
2018-03-14,12273,7378,3382
2018-03-15,12281,7385,3386
2018-03-16,12285,7392,3388
2018-03-17,12287,7394,3388
2018-03-18,12293,7402,3388
2018-03-19,12310,7407,3392
2018-03-20,12312,7411,3397
2018-03-21,12324,7421,3401
2018-03-22,12332,7426,3404
2018-03-23,12335,7435,3406
2018-03-24,12338,7437,3407
2018-03-25,12343,7441,3409
2018-03-26,12364,7455,3412
2018-03-27,12369,7461,3413
2018-03-28,12386,7471,3419
2018-03-29,12391,7478,3423
2018-03-30,12393,7485,3427
2018-03-31,12395,7486,3429
2018-04-01,12396,7490,3429
2018-04-02,12405,7496,3433
2018-04-03,12414,7501,3438
2018-04-04,12437,7508,3442
2018-04-05,12453,7517,3442
2018-04-06,12459,7522,3443
2018-04-07,12467,7524,3444
2018-04-08,12473,7528,3446
2018-04-09,12488,7535,3446
2018-04-10,12495,7542,3446
2018-04-11,12522,7555,3451
2018-04-12,12527,7565,3456
2018-04-13,12549,7573,3459
2018-04-14,12551,7576,3459
2018-04-15,12551,7576,3459
2018-04-16,12563,7582,3462
2018-04-17,12574,7588,3464
2018-04-18,12581,7598,3464
2018-04-19,12591,7604,3465
2018-04-20,12602,7614,3468
2018-04-21,12603,7616,3468
2018-04-22,12605,7618,3469
2018-04-23,12610,7627,3470
2018-04-24,12613,7631,3470
2018-04-25,12634,7645,3471
2018-04-26,12638,7656,3476
2018-04-27,12647,7659,3479
2018-04-28,12647,7659,3479
2018-04-29,12656,7666,3480
2018-04-30,12661,7675,3483
2018-05-01,12667,7684,3485
2018-05-02,12679,7691,3488
2018-05-03,12690,7698,3489
2018-05-04,12698,7700,3490
2018-05-05,12703,7701,3490
2018-05-06,12705,7704,3490
2018-05-07,12709,7708,3492
2018-05-08,12714,7714,3492
2018-05-09,12724,7725,3492
2018-05-10,12727,7729,3493
2018-05-11,12728,7732,3496
2018-05-12,12736,7736,3496
2018-05-13,12739,7738,3499
2018-05-14,12740,7742,3500
2018-05-15,12746,7747,3503
2018-05-16,12757,7754,3505
2018-05-17,12767,7765,3509
2018-05-18,12770,7773,3514
2018-05-19,12775,7776,3515
2018-05-20,12777,7778,3519
2018-05-21,12780,7785,3522
2018-05-22,12788,7790,3524
2018-05-23,12792,7796,3525
2018-05-24,12795,7797,3525
2018-05-25,12799,7798,3525
2018-05-26,12799,7798,3525
2018-05-27,12799,7798,3525
2018-05-28,12799,7798,3525
2018-05-29,12808,7801,3527
2018-05-30,12819,7808,3528
2018-05-31,12824,7812,3531
2018-06-01,12826,7818,3536
2018-06-02,12831,7822,3536
2018-06-03,12832,7828,3539
2018-06-04,12836,7835,3540
2018-06-05,12846,7840,3544
2018-06-06,12854,7844,3545
2018-06-07,12854,7844,3545
2018-06-08,12857,7851,3545
2018-06-09,12857,7851,3545
2018-06-10,12859,7852,3546
2018-06-11,12875,7864,3549
2018-06-12,12886,7874,3549
2018-06-13,12890,7883,3551
2018-06-14,12896,7888,3553
2018-06-15,12901,7892,3556
2018-06-16,12901,7892,3556
2018-06-17,12903,7894,3557
2018-06-18,12922,7903,3559
2018-06-19,12926,7906,3563
2018-06-20,12929,7907,3565
2018-06-21,12931,7912,3568
2018-06-22,12934,7913,3571
2018-06-23,12935,7915,3572
2018-06-24,12941,7920,3572
2018-06-25,12947,7925,3573
2018-06-26,12951,7925,3574
2018-06-27,12958,7937,3577
2018-06-28,12966,7946,3580
2018-06-29,12976,7948,3581
2018-06-30,12978,7954,3582
2018-07-01,12979,7958,3584
2018-07-02,12982,7962,3585
2018-07-03,12983,7962,3587
2018-07-04,12987,7964,3590
2018-07-05,12991,7965,3593
2018-07-06,12992,7968,3595
2018-07-07,12995,7973,3596
2018-07-08,13001,7976,3596
2018-07-09,13006,7979,3596
2018-07-10,13011,7985,3597
2018-07-11,13017,7993,3599
2018-07-12,13028,8004,3602
2018-07-13,13040,8010,3603
2018-07-14,13045,8014,3604
2018-07-15,13051,8021,3605
2018-07-16,13059,8027,3607
2018-07-17,13067,8040,3610
2018-07-18,13075,8045,3613
2018-07-19,13084,8056,3613
2018-07-20,13091,8065,3613
2018-07-21,13096,8068,3616
2018-07-22,13099,8073,3619
2018-07-23,13102,8075,3621
2018-07-24,13121,8078,3624
2018-07-25,13124,8081,3627
2018-07-26,13128,8093,3629
2018-07-27,13144,8099,3630
2018-07-28,13144,8099,3630
2018-07-29,13149,8105,3630
2018-07-30,13168,8115,3634
2018-07-31,13172,8124,3637
2018-08-01,13177,8134,3643
2018-08-02,13188,8143,3645
2018-08-03,13202,8152,3648
2018-08-04,13204,8159,3651
2018-08-05,13204,8159,3651
2018-08-06,13209,8169,3651
2018-08-07,13213,8173,3655
2018-08-08,13220,8185,3655
2018-08-09,13232,8194,3658
2018-08-10,13239,8198,3661
2018-08-11,13243,8202,3662
2018-08-12,13245,8205,3662
2018-08-13,13270,8213,3665
2018-08-14,13280,8224,3667
2018-08-15,13283,8230,3670
2018-08-16,13284,8234,3671
2018-08-17,13286,8241,3672
2018-08-18,13286,8241,3672
2018-08-19,13286,8241,3672
2018-08-20,13291,8246,3673
2018-08-21,13295,8252,3674
2018-08-22,13296,8260,3674
2018-08-23,13303,8269,3674
2018-08-24,13309,8282,3681
2018-08-25,13325,8285,3683
2018-08-26,13331,8293,3686
2018-08-27,13355,8302,3688
2018-08-28,13362,8309,3689
2018-08-29,13370,8312,3689
2018-08-30,13379,8319,3692
2018-08-31,13386,8326,3694
2018-09-01,13387,8328,3695
2018-09-02,13390,8331,3697
2018-09-03,13394,8335,3699
2018-09-04,13397,8341,3702
2018-09-05,13403,8346,3702
2018-09-06,13406,8353,3703
2018-09-07,13410,8356,3705
2018-09-08,13410,8356,3705
2018-09-09,13412,8362,3708
2018-09-10,13419,8372,3709
2018-09-11,13424,8377,3711
2018-09-12,13426,8386,3712
2018-09-13,13434,8391,3713
2018-09-14,13434,8391,3713
2018-09-15,13435,8398,3713
2018-09-16,13437,8401,3715
2018-09-17,13441,8414,3716
2018-09-18,13442,8424,3718
2018-09-19,13443,8432,3719
2018-09-20,13444,8437,3723
2018-09-21,13445,8443,3725
