date,count_commits,count_issues,count_pulls
2010-12-20,2,3,1
2010-12-21,3,3,2
2010-12-22,3,7,3
2010-12-23,3,7,3
2010-12-24,3,7,3
2010-12-25,3,7,3
2010-12-26,3,7,3
2010-12-27,3,7,3
2010-12-28,3,7,3
2010-12-29,3,7,3
2010-12-30,3,7,3
2010-12-31,3,7,3
2011-01-01,3,7,3
2011-01-02,3,7,3
2011-01-03,4,7,3
2011-01-04,4,7,3
2011-01-05,5,8,4
2011-01-06,6,9,4
2011-01-07,7,9,6
2011-01-08,7,9,6
2011-01-09,7,9,6
2011-01-10,8,10,7
2011-01-11,8,10,7
2011-01-12,8,10,7
2011-01-13,8,10,7
2011-01-14,9,11,9
2011-01-15,9,11,9
2011-01-16,9,11,9
2011-01-17,9,11,9
2011-01-18,13,11,9
2011-01-19,16,11,10
2011-01-20,25,13,14
2011-01-21,31,13,16
2011-01-22,32,13,16
2011-01-23,33,13,17
2011-01-24,35,13,18
2011-01-25,37,13,18
2011-01-26,37,13,18
2011-01-27,37,13,18
2011-01-28,37,13,18
2011-01-29,37,13,18
2011-01-30,37,13,18
2011-01-31,39,13,21
2011-02-01,40,13,22
2011-02-02,40,13,22
2011-02-03,40,13,23
2011-02-04,40,13,23
2011-02-05,40,13,23
2011-02-06,40,13,23
2011-02-07,40,14,23
2011-02-08,40,14,23
2011-02-09,40,14,23
2011-02-10,40,15,25
2011-02-11,41,16,25
2011-02-12,41,16,25
2011-02-13,41,16,25
2011-02-14,42,19,25
2011-02-15,42,19,25
2011-02-16,44,19,26
2011-02-17,45,19,26
2011-02-18,48,19,26
2011-02-19,48,19,26
2011-02-20,48,19,26
2011-02-21,48,19,26
2011-02-22,48,21,26
2011-02-23,53,23,27
2011-02-24,53,23,27
2011-02-25,58,23,29
2011-02-26,59,23,30
2011-02-27,59,23,30
2011-02-28,60,24,30
2011-03-01,61,26,31
2011-03-02,63,27,32
2011-03-03,64,29,37
2011-03-04,64,29,37
2011-03-05,67,31,39
2011-03-06,67,31,39
2011-03-07,67,31,39
2011-03-08,67,31,39
2011-03-09,69,31,41
2011-03-10,71,31,41
2011-03-11,71,31,41
2011-03-12,71,31,41
2011-03-13,79,31,42
2011-03-14,80,31,43
2011-03-15,80,31,43
2011-03-16,81,32,44
2011-03-17,82,32,47
2011-03-18,82,32,48
2011-03-19,82,32,48
2011-03-20,82,32,48
2011-03-21,82,33,48
2011-03-22,82,33,48
2011-03-23,82,33,50
2011-03-24,82,33,50
2011-03-25,82,33,51
2011-03-26,82,33,51
2011-03-27,82,33,51
2011-03-28,82,33,51
2011-03-29,82,33,51
2011-03-30,83,33,51
2011-03-31,83,33,51
2011-04-01,83,33,51
2011-04-02,83,33,51
2011-04-03,83,33,53
2011-04-04,83,33,53
2011-04-05,84,34,54
2011-04-06,86,34,54
2011-04-07,86,34,54
2011-04-08,86,34,54
2011-04-09,86,35,54
2011-04-10,86,35,54
2011-04-11,86,35,54
2011-04-12,93,36,55
2011-04-13,96,36,60
2011-04-14,97,37,61
2011-04-15,102,38,65
2011-04-16,103,38,68
2011-04-17,103,38,68
2011-04-18,105,39,68
2011-04-19,106,41,70
2011-04-20,111,43,72
2011-04-21,111,43,72
2011-04-22,113,43,74
2011-04-23,115,43,77
2011-04-24,115,43,77
2011-04-25,116,43,78
2011-04-26,116,43,78
2011-04-27,117,43,78
2011-04-28,119,45,78
2011-04-29,119,45,78
2011-04-30,119,45,78
2011-05-01,124,45,79
2011-05-02,124,45,79
2011-05-03,128,45,80
2011-05-04,128,45,80
2011-05-05,131,45,84
2011-05-06,133,45,87
2011-05-07,136,46,87
2011-05-08,138,46,91
2011-05-09,148,51,96
2011-05-10,152,53,96
2011-05-11,154,53,97
2011-05-12,162,54,98
2011-05-13,165,54,100
2011-05-14,174,54,100
2011-05-15,182,54,101
2011-05-16,189,56,102
2011-05-17,193,57,105
2011-05-18,194,64,106
2011-05-19,194,64,106
2011-05-20,194,64,106
2011-05-21,197,65,108
2011-05-22,202,66,111
2011-05-23,202,66,111
2011-05-24,203,66,113
2011-05-25,208,67,117
2011-05-26,216,70,122
2011-05-27,228,71,123
2011-05-28,233,71,126
2011-05-29,234,71,129
2011-05-30,235,72,130
2011-05-31,236,72,130
2011-06-01,246,72,132
2011-06-02,252,72,133
2011-06-03,257,72,136
2011-06-04,260,72,137
2011-06-05,272,74,139
2011-06-06,274,77,141
2011-06-07,276,79,141
2011-06-08,276,79,141
2011-06-09,277,79,142
2011-06-10,283,79,142
2011-06-11,291,80,143
2011-06-12,299,80,143
2011-06-13,305,80,143
2011-06-14,310,81,143
2011-06-15,315,81,143
2011-06-16,316,87,144
2011-06-17,321,87,145
2011-06-18,330,90,147
2011-06-19,332,91,149
2011-06-20,337,92,151
2011-06-21,344,94,151
2011-06-22,345,95,151
2011-06-23,346,96,151
2011-06-24,350,98,154
2011-06-25,356,99,154
2011-06-26,364,101,157
2011-06-27,368,102,163
2011-06-28,372,103,166
2011-06-29,376,104,168
2011-06-30,386,104,170
2011-07-01,396,105,174
2011-07-02,407,105,175
2011-07-03,413,106,176
2011-07-04,417,107,179
2011-07-05,424,108,182
2011-07-06,427,108,183
2011-07-07,442,111,184
2011-07-08,451,112,184
2011-07-09,460,113,186
2011-07-10,461,113,186
2011-07-11,466,113,187
2011-07-12,467,116,188
2011-07-13,491,118,194
2011-07-14,504,119,198
2011-07-15,513,119,198
2011-07-16,519,119,199
2011-07-17,528,119,201
2011-07-18,538,119,202
2011-07-19,538,119,202
2011-07-20,538,119,202
2011-07-21,539,119,204
2011-07-22,544,120,204
2011-07-23,544,120,204
2011-07-24,553,120,206
2011-07-25,557,121,207
2011-07-26,570,123,210
2011-07-27,575,123,210
2011-07-28,575,123,210
2011-07-29,579,123,210
2011-07-30,585,123,213
2011-07-31,590,125,216
2011-08-01,592,126,217
2011-08-02,595,126,217
2011-08-03,602,129,219
2011-08-04,606,129,220
2011-08-05,609,130,221
2011-08-06,611,130,221
2011-08-07,616,130,221
2011-08-08,627,131,222
2011-08-09,629,131,222
2011-08-10,629,131,222
2011-08-11,639,131,228
2011-08-12,640,132,230
2011-08-13,640,132,230
2011-08-14,640,132,230
2011-08-15,640,132,230
2011-08-16,645,134,231
2011-08-17,647,134,232
2011-08-18,647,134,232
2011-08-19,653,134,232
2011-08-20,653,134,232
2011-08-21,654,134,233
2011-08-22,655,134,233
2011-08-23,660,134,233
2011-08-24,661,135,234
2011-08-25,662,135,234
2011-08-26,663,135,234
2011-08-27,663,135,234
2011-08-28,664,136,234
2011-08-29,664,136,234
2011-08-30,664,136,234
2011-08-31,673,138,235
2011-09-01,681,138,235
2011-09-02,693,140,236
2011-09-03,698,141,237
2011-09-04,698,141,237
2011-09-05,699,143,239
2011-09-06,712,143,246
2011-09-07,718,143,247
2011-09-08,719,144,248
2011-09-09,723,144,251
2011-09-10,723,144,251
2011-09-11,730,144,253
2011-09-12,730,144,254
2011-09-13,731,144,254
2011-09-14,733,146,256
2011-09-15,733,146,256
2011-09-16,734,146,256
2011-09-17,735,146,258
2011-09-18,738,146,259
2011-09-19,740,146,261
2011-09-20,740,146,262
2011-09-21,744,146,262
2011-09-22,752,146,262
2011-09-23,755,146,262
2011-09-24,757,148,263
2011-09-25,757,148,263
2011-09-26,768,148,263
2011-09-27,781,148,266
2011-09-28,785,148,269
2011-09-29,790,149,271
2011-09-30,793,149,271
2011-10-01,798,150,273
2011-10-02,800,150,273
2011-10-03,804,152,274
2011-10-04,809,152,292
2011-10-05,820,153,294
2011-10-06,824,153,296
2011-10-07,826,153,297
2011-10-08,828,153,297
2011-10-09,841,153,299
2011-10-10,848,155,300
2011-10-11,849,155,301
2011-10-12,849,155,301
2011-10-13,849,155,301
2011-10-14,850,155,302
2011-10-15,851,155,303
2011-10-16,851,155,303
2011-10-17,851,155,305
2011-10-18,852,155,305
2011-10-19,852,155,305
2011-10-20,852,155,305
2011-10-21,852,155,305
2011-10-22,852,155,305
2011-10-23,855,155,306
2011-10-24,858,155,307
2011-10-25,875,155,307
2011-10-26,875,155,307
2011-10-27,875,155,307
2011-10-28,875,155,307
2011-10-29,876,158,308
2011-10-30,876,158,308
2011-10-31,876,158,308
2011-11-01,881,159,308
2011-11-02,883,159,309
2011-11-03,886,159,311
2011-11-04,890,160,313
2011-11-05,890,160,313
2011-11-06,892,161,315
2011-11-07,894,164,315
2011-11-08,901,172,318
2011-11-09,903,175,318
2011-11-10,910,176,320
2011-11-11,912,176,321
2011-11-12,913,176,324
2011-11-13,917,176,324
2011-11-14,920,176,324
2011-11-15,927,176,325
2011-11-16,927,176,325
2011-11-17,929,177,325
2011-11-18,929,177,325
2011-11-19,929,177,325
2011-11-20,933,179,325
2011-11-21,945,182,327
2011-11-22,945,182,327
2011-11-23,945,182,327
2011-11-24,947,183,328
2011-11-25,947,183,328
2011-11-26,950,185,330
2011-11-27,951,186,330
2011-11-28,951,186,330
2011-11-29,951,186,330
2011-11-30,951,186,330
2011-12-01,958,188,331
2011-12-02,961,190,332
2011-12-03,961,190,332
2011-12-04,963,190,333
2011-12-05,965,191,335
2011-12-06,965,191,335
2011-12-07,966,193,336
2011-12-08,966,193,336
2011-12-09,969,194,339
2011-12-10,970,194,340
2011-12-11,970,194,340
2011-12-12,973,194,340
2011-12-13,977,195,344
2011-12-14,979,196,344
2011-12-15,979,196,344
2011-12-16,988,198,348
2011-12-17,994,198,348
2011-12-18,994,198,348
2011-12-19,1013,199,350
2011-12-20,1026,200,352
2011-12-21,1027,200,353
2011-12-22,1029,201,353
2011-12-23,1042,203,355
2011-12-24,1042,203,355
2011-12-25,1046,203,355
2011-12-26,1046,203,355
2011-12-27,1049,204,356
2011-12-28,1050,204,357
2011-12-29,1050,204,357
2011-12-30,1050,204,357
2011-12-31,1050,204,357
2012-01-01,1050,204,357
2012-01-02,1050,207,359
2012-01-03,1061,209,362
2012-01-04,1061,209,362
2012-01-05,1065,210,362
2012-01-06,1067,211,363
2012-01-07,1069,212,365
2012-01-08,1069,212,365
2012-01-09,1075,213,365
2012-01-10,1078,214,365
2012-01-11,1078,214,365
2012-01-12,1080,214,365
2012-01-13,1091,215,366
2012-01-14,1093,215,368
2012-01-15,1096,216,369
2012-01-16,1097,217,369
2012-01-17,1102,218,370
2012-01-18,1103,219,372
2012-01-19,1108,219,375
2012-01-20,1109,220,376
2012-01-21,1111,220,378
2012-01-22,1111,220,378
2012-01-23,1121,222,379
2012-01-24,1121,222,379
2012-01-25,1124,224,380
2012-01-26,1126,225,381
2012-01-27,1127,225,382
2012-01-28,1128,225,382
2012-01-29,1128,225,382
2012-01-30,1128,225,382
2012-01-31,1131,226,383
2012-02-01,1134,227,384
2012-02-02,1134,227,384
2012-02-03,1134,227,384
2012-02-04,1134,227,384
2012-02-05,1136,227,388
2012-02-06,1144,228,390
2012-02-07,1154,228,393
2012-02-08,1154,228,393
2012-02-09,1155,231,394
2012-02-10,1161,232,397
2012-02-11,1170,236,401
2012-02-12,1173,236,402
2012-02-13,1173,236,402
2012-02-14,1173,236,402
2012-02-15,1182,238,406
2012-02-16,1189,243,409
2012-02-17,1203,246,415
2012-02-18,1211,247,418
2012-02-19,1219,247,421
2012-02-20,1228,250,422
2012-02-21,1229,253,422
2012-02-22,1240,253,427
2012-02-23,1244,255,429
2012-02-24,1245,255,431
2012-02-25,1251,255,438
2012-02-26,1257,257,441
2012-02-27,1263,258,444
2012-02-28,1267,259,444
2012-02-29,1270,260,445
2012-03-01,1271,260,445
2012-03-02,1271,260,445
2012-03-03,1273,260,447
2012-03-04,1273,260,447
2012-03-05,1275,262,449
2012-03-06,1275,262,449
2012-03-07,1275,262,449
2012-03-08,1275,262,449
2012-03-09,1275,262,449
2012-03-10,1276,266,450
2012-03-11,1277,266,453
2012-03-12,1281,268,453
2012-03-13,1282,268,454
2012-03-14,1283,269,454
2012-03-15,1284,271,456
2012-03-16,1289,271,457
2012-03-17,1289,274,457
2012-03-18,1290,274,461
2012-03-19,1293,276,465
2012-03-20,1298,280,471
2012-03-21,1310,280,476
2012-03-22,1321,282,480
2012-03-23,1322,282,482
2012-03-24,1322,282,482
2012-03-25,1326,283,485
2012-03-26,1343,284,492
2012-03-27,1343,285,494
2012-03-28,1343,285,494
2012-03-29,1352,287,499
2012-03-30,1352,288,500
2012-03-31,1353,290,502
2012-04-01,1353,290,505
2012-04-02,1361,291,507
2012-04-03,1365,294,509
2012-04-04,1382,294,515
2012-04-05,1396,297,522
2012-04-06,1402,300,524
2012-04-07,1402,300,524
2012-04-08,1405,305,525
2012-04-09,1407,308,527
2012-04-10,1412,310,528
2012-04-11,1420,314,532
2012-04-12,1426,315,533
2012-04-13,1430,316,541
2012-04-14,1436,318,543
2012-04-15,1447,320,551
2012-04-16,1449,322,552
2012-04-17,1464,324,557
2012-04-18,1468,325,559
2012-04-19,1469,326,560
2012-04-20,1473,327,561
2012-04-21,1483,328,563
2012-04-22,1486,331,570
2012-04-23,1486,331,570
2012-04-24,1486,334,571
2012-04-25,1489,334,572
2012-04-26,1498,337,574
2012-04-27,1502,340,574
2012-04-28,1502,340,574
2012-04-29,1505,342,576
2012-04-30,1506,345,577
2012-05-01,1509,345,582
2012-05-02,1510,351,582
2012-05-03,1512,354,584
2012-05-04,1521,355,586
2012-05-05,1539,355,597
2012-05-06,1546,357,601
2012-05-07,1550,359,604
2012-05-08,1558,364,607
2012-05-09,1580,372,618
2012-05-10,1582,374,621
2012-05-11,1608,375,630
2012-05-12,1629,379,637
2012-05-13,1650,381,646
2012-05-14,1662,384,660
2012-05-15,1666,388,665
2012-05-16,1672,389,669
2012-05-17,1686,390,690
2012-05-18,1697,391,698
2012-05-19,1702,392,701
2012-05-20,1712,392,703
2012-05-21,1718,393,708
2012-05-22,1728,394,716
2012-05-23,1732,394,717
2012-05-24,1736,396,720
2012-05-25,1749,398,721
2012-05-26,1751,398,721
2012-05-27,1752,398,721
2012-05-28,1755,398,723
2012-05-29,1756,399,725
2012-05-30,1757,399,727
2012-05-31,1762,403,731
2012-06-01,1762,403,732
2012-06-02,1766,404,734
2012-06-03,1767,405,736
2012-06-04,1775,405,739
2012-06-05,1778,408,742
2012-06-06,1778,408,742
2012-06-07,1780,409,742
2012-06-08,1783,410,742
2012-06-09,1784,411,744
2012-06-10,1784,411,744
2012-06-11,1785,411,746
2012-06-12,1792,412,749
2012-06-13,1799,416,753
2012-06-14,1811,422,759
2012-06-15,1815,423,761
2012-06-16,1815,423,761
2012-06-17,1821,424,763
2012-06-18,1830,425,767
2012-06-19,1833,425,769
2012-06-20,1837,427,773
2012-06-21,1840,427,778
2012-06-22,1849,430,781
2012-06-23,1849,433,782
2012-06-24,1855,434,789
2012-06-25,1860,434,791
2012-06-26,1860,436,791
2012-06-27,1867,437,794
2012-06-28,1873,439,795
2012-06-29,1874,441,799
2012-06-30,1877,442,803
2012-07-01,1879,443,804
2012-07-02,1883,444,807
2012-07-03,1884,445,810
2012-07-04,1887,446,813
2012-07-05,1894,449,815
2012-07-06,1896,449,817
2012-07-07,1904,449,819
2012-07-08,1905,451,820
2012-07-09,1906,452,822
2012-07-10,1907,453,825
2012-07-11,1916,455,830
2012-07-12,1920,456,833
2012-07-13,1925,456,839
2012-07-14,1928,456,839
2012-07-15,1928,456,839
2012-07-16,1934,460,839
2012-07-17,1942,461,841
2012-07-18,1949,461,845
2012-07-19,1950,461,847
2012-07-20,1950,462,848
2012-07-21,1950,463,851
2012-07-22,1952,463,853
2012-07-23,1955,466,855
2012-07-24,1956,467,855
2012-07-25,1958,467,855
2012-07-26,1968,467,860
2012-07-27,1970,467,862
2012-07-28,1971,467,862
2012-07-29,1971,467,862
2012-07-30,1971,467,862
2012-07-31,1971,467,863
2012-08-01,1976,468,867
2012-08-02,1978,468,870
2012-08-03,1980,468,870
2012-08-04,1980,468,870
2012-08-05,1980,468,870
2012-08-06,1981,472,871
2012-08-07,1988,473,872
2012-08-08,1988,475,872
2012-08-09,1990,478,872
2012-08-10,1990,478,872
2012-08-11,1990,478,872
2012-08-12,1991,479,872
2012-08-13,1993,480,875
2012-08-14,1995,481,877
2012-08-15,1995,481,877
2012-08-16,1995,482,878
2012-08-17,2000,483,881
2012-08-18,2001,483,882
2012-08-19,2001,483,882
2012-08-20,2011,484,885
2012-08-21,2017,486,891
2012-08-22,2025,487,894
2012-08-23,2041,491,901
2012-08-24,2048,496,906
2012-08-25,2053,496,907
2012-08-26,2054,497,908
2012-08-27,2064,498,911
2012-08-28,2070,502,921
2012-08-29,2082,504,925
2012-08-30,2084,505,929
2012-08-31,2086,509,932
2012-09-01,2091,510,935
2012-09-02,2094,512,935
2012-09-03,2097,512,941
2012-09-04,2097,513,943
2012-09-05,2102,514,947
2012-09-06,2109,514,948
2012-09-07,2114,515,950
2012-09-08,2119,516,952
2012-09-09,2126,518,958
2012-09-10,2129,519,962
2012-09-11,2131,520,962
2012-09-12,2135,521,964
2012-09-13,2135,521,964
2012-09-14,2135,521,964
2012-09-15,2137,521,965
2012-09-16,2137,521,965
2012-09-17,2138,521,966
2012-09-18,2144,523,968
2012-09-19,2144,523,968
2012-09-20,2147,526,968
2012-09-21,2153,530,971
2012-09-22,2159,531,977
2012-09-23,2161,532,978
2012-09-24,2161,532,983
2012-09-25,2166,534,985
2012-09-26,2167,534,987
2012-09-27,2169,537,991
2012-09-28,2172,539,996
2012-09-29,2177,540,999
2012-09-30,2179,541,1003
2012-10-01,2187,541,1004
2012-10-02,2187,545,1007
2012-10-03,2188,546,1008
2012-10-04,2196,546,1013
2012-10-05,2199,546,1015
2012-10-06,2199,546,1015
2012-10-07,2203,546,1018
2012-10-08,2208,546,1021
2012-10-09,2214,546,1021
2012-10-10,2214,546,1021
2012-10-11,2219,547,1021
2012-10-12,2222,548,1026
2012-10-13,2222,551,1027
2012-10-14,2224,552,1029
2012-10-15,2225,552,1030
2012-10-16,2225,552,1030
2012-10-17,2225,552,1030
2012-10-18,2225,552,1030
2012-10-19,2227,552,1031
2012-10-20,2256,552,1031
2012-10-21,2264,552,1036
2012-10-22,2269,555,1038
2012-10-23,2270,557,1039
2012-10-24,2274,557,1043
2012-10-25,2285,560,1045
2012-10-26,2285,560,1045
2012-10-27,2285,560,1045
2012-10-28,2287,562,1047
2012-10-29,2301,562,1047
2012-10-30,2302,564,1047
2012-10-31,2303,564,1047
2012-11-01,2307,564,1049
2012-11-02,2309,564,1050
2012-11-03,2311,565,1051
2012-11-04,2313,565,1056
2012-11-05,2316,566,1062
2012-11-06,2316,566,1062
2012-11-07,2316,566,1062
2012-11-08,2317,566,1064
2012-11-09,2325,568,1066
2012-11-10,2331,570,1067
2012-11-11,2338,571,1070
2012-11-12,2338,571,1070
2012-11-13,2344,572,1073
2012-11-14,2346,572,1076
2012-11-15,2350,573,1078
2012-11-16,2353,575,1081
2012-11-17,2355,575,1082
2012-11-18,2355,577,1084
2012-11-19,2355,577,1084
2012-11-20,2355,577,1084
2012-11-21,2357,577,1086
2012-11-22,2360,577,1087
2012-11-23,2360,577,1087
2012-11-24,2362,577,1088
2012-11-25,2363,578,1088
2012-11-26,2364,584,1090
2012-11-27,2366,585,1093
2012-11-28,2367,586,1095
2012-11-29,2369,589,1095
2012-11-30,2371,590,1097
2012-12-01,2374,590,1100
2012-12-02,2375,590,1103
2012-12-03,2380,590,1107
2012-12-04,2382,592,1113
2012-12-05,2386,594,1114
2012-12-06,2391,595,1115
2012-12-07,2393,597,1115
2012-12-08,2393,597,1115
2012-12-09,2393,597,1115
2012-12-10,2394,598,1117
2012-12-11,2394,598,1117
2012-12-12,2410,598,1123
2012-12-13,2414,599,1128
2012-12-14,2415,600,1128
2012-12-15,2415,600,1130
2012-12-16,2417,601,1130
2012-12-17,2418,601,1131
2012-12-18,2420,601,1132
2012-12-19,2423,601,1134
2012-12-20,2424,603,1136
2012-12-21,2425,604,1137
2012-12-22,2426,604,1138
2012-12-23,2426,604,1138
2012-12-24,2426,604,1138
2012-12-25,2426,604,1138
2012-12-26,2427,604,1142
2012-12-27,2427,604,1142
2012-12-28,2427,606,1143
2012-12-29,2427,606,1143
2012-12-30,2427,606,1143
2012-12-31,2428,609,1143
2013-01-01,2430,609,1145
2013-01-02,2430,609,1146
2013-01-03,2432,611,1149
2013-01-04,2435,611,1150
2013-01-05,2439,611,1151
2013-01-06,2443,611,1153
2013-01-07,2443,611,1153
2013-01-08,2448,612,1154
2013-01-09,2450,612,1159
2013-01-10,2451,613,1162
2013-01-11,2453,614,1166
2013-01-12,2453,614,1166
2013-01-13,2454,614,1167
2013-01-14,2463,618,1171
2013-01-15,2465,618,1171
2013-01-16,2483,619,1172
2013-01-17,2484,619,1172
2013-01-18,2493,621,1176
2013-01-19,2496,622,1177
2013-01-20,2497,622,1179
2013-01-21,2500,622,1179
2013-01-22,2501,628,1182
2013-01-23,2515,631,1187
2013-01-24,2517,632,1188
2013-01-25,2519,634,1189
2013-01-26,2525,636,1194
2013-01-27,2530,639,1197
2013-01-28,2534,640,1198
2013-01-29,2535,642,1199
2013-01-30,2557,645,1209
2013-01-31,2559,646,1213
2013-02-01,2564,649,1218
2013-02-02,2565,650,1219
2013-02-03,2565,650,1219
2013-02-04,2566,654,1221
2013-02-05,2571,655,1223
2013-02-06,2576,657,1226
2013-02-07,2577,659,1227
2013-02-08,2577,659,1227
2013-02-09,2578,662,1229
2013-02-10,2581,664,1231
2013-02-11,2581,665,1231
2013-02-12,2583,668,1232
2013-02-13,2583,668,1232
2013-02-14,2584,669,1235
2013-02-15,2584,669,1235
2013-02-16,2592,670,1237
2013-02-17,2594,671,1237
2013-02-18,2598,671,1237
2013-02-19,2600,673,1237
2013-02-20,2602,679,1237
2013-02-21,2602,679,1237
2013-02-22,2611,680,1237
2013-02-23,2611,680,1237
2013-02-24,2615,681,1239
2013-02-25,2616,681,1240
2013-02-26,2617,681,1240
2013-02-27,2617,681,1240
2013-02-28,2618,681,1240
2013-03-01,2621,681,1241
2013-03-02,2621,681,1241
2013-03-03,2621,681,1241
2013-03-04,2621,681,1241
2013-03-05,2621,681,1241
2013-03-06,2621,681,1241
2013-03-07,2623,681,1242
2013-03-08,2623,681,1242
2013-03-09,2624,681,1243
2013-03-10,2624,681,1243
2013-03-11,2627,683,1244
2013-03-12,2627,683,1244
2013-03-13,2627,685,1246
2013-03-14,2627,685,1246
2013-03-15,2627,685,1246
2013-03-16,2627,685,1246
2013-03-17,2627,687,1247
2013-03-18,2632,690,1250
2013-03-19,2641,690,1254
2013-03-20,2641,690,1254
2013-03-21,2643,694,1254
2013-03-22,2646,696,1255
2013-03-23,2650,698,1257
2013-03-24,2652,699,1261
2013-03-25,2654,699,1261
2013-03-26,2654,699,1261
2013-03-27,2654,699,1261
2013-03-28,2655,701,1263
2013-03-29,2665,704,1269
2013-03-30,2666,705,1269
2013-03-31,2672,705,1273
2013-04-01,2678,710,1275
2013-04-02,2688,712,1280
2013-04-03,2698,713,1283
2013-04-04,2707,714,1290
2013-04-05,2714,718,1292
2013-04-06,2719,724,1296
2013-04-07,2725,727,1301
2013-04-08,2732,729,1302
2013-04-09,2741,732,1309
2013-04-10,2743,733,1312
2013-04-11,2748,739,1313
2013-04-12,2753,739,1315
2013-04-13,2756,743,1316
2013-04-14,2759,746,1321
2013-04-15,2762,748,1322
2013-04-16,2762,748,1322
2013-04-17,2766,748,1324
2013-04-18,2770,748,1326
2013-04-19,2771,748,1327
2013-04-20,2771,748,1327
2013-04-21,2771,748,1327
2013-04-22,2773,753,1328
2013-04-23,2781,755,1332
2013-04-24,2785,758,1333
2013-04-25,2788,760,1338
2013-04-26,2792,764,1344
2013-04-27,2801,766,1348
2013-04-28,2805,767,1351
2013-04-29,2811,768,1353
2013-04-30,2813,771,1356
2013-05-01,2816,771,1361
2013-05-02,2820,772,1365
2013-05-03,2835,773,1369
2013-05-04,2841,773,1371
2013-05-05,2841,774,1374
2013-05-06,2842,774,1375
2013-05-07,2846,777,1378
2013-05-08,2848,778,1381
2013-05-09,2849,779,1383
2013-05-10,2853,780,1385
2013-05-11,2853,780,1385
2013-05-12,2855,783,1389
2013-05-13,2857,784,1394
2013-05-14,2857,784,1394
2013-05-15,2857,784,1394
2013-05-16,2858,785,1395
2013-05-17,2858,785,1395
2013-05-18,2858,785,1395
2013-05-19,2861,786,1398
2013-05-20,2863,789,1398
2013-05-21,2865,789,1401
2013-05-22,2876,789,1404
2013-05-23,2877,794,1406
2013-05-24,2885,797,1407
2013-05-25,2886,798,1410
2013-05-26,2886,798,1410
2013-05-27,2886,798,1410
2013-05-28,2886,798,1410
2013-05-29,2887,805,1412
2013-05-30,2899,809,1414
2013-05-31,2901,811,1416
2013-06-01,2902,814,1416
2013-06-02,2907,815,1417
2013-06-03,2912,817,1419
2013-06-04,2912,820,1421
2013-06-05,2914,823,1423
2013-06-06,2926,824,1424
2013-06-07,2929,827,1428
2013-06-08,2930,828,1429
2013-06-09,2932,828,1429
2013-06-10,2933,829,1429
2013-06-11,2935,831,1433
2013-06-12,2936,832,1434
2013-06-13,2937,832,1434
2013-06-14,2939,832,1438
2013-06-15,2942,834,1439
2013-06-16,2944,834,1439
2013-06-17,2945,836,1439
2013-06-18,2945,836,1441
2013-06-19,2946,839,1443
2013-06-20,2946,839,1443
2013-06-21,2946,839,1443
2013-06-22,2955,839,1445
2013-06-23,2959,840,1448
2013-06-24,2972,841,1449
2013-06-25,2978,841,1455
2013-06-26,2980,841,1457
2013-06-27,2982,842,1459
2013-06-28,2982,842,1459
2013-06-29,2984,842,1461
2013-06-30,2984,842,1461
2013-07-01,2986,843,1464
2013-07-02,2987,844,1464
2013-07-03,2987,846,1465
2013-07-04,2987,846,1466
2013-07-05,2987,846,1466
2013-07-06,2987,846,1466
2013-07-07,2991,846,1469
2013-07-08,2992,846,1469
2013-07-09,2993,847,1469
2013-07-10,2996,848,1470
2013-07-11,2996,848,1470
2013-07-12,2996,848,1470
2013-07-13,2997,848,1474
2013-07-14,3000,848,1475
2013-07-15,3001,849,1476
2013-07-16,3001,849,1476
2013-07-17,3009,849,1477
2013-07-18,3009,849,1477
2013-07-19,3010,849,1479
2013-07-20,3010,849,1479
2013-07-21,3011,849,1480
2013-07-22,3014,850,1481
2013-07-23,3019,851,1486
2013-07-24,3020,854,1489
2013-07-25,3021,856,1490
2013-07-26,3023,856,1490
2013-07-27,3025,857,1490
2013-07-28,3026,857,1490
2013-07-29,3028,857,1492
2013-07-30,3028,857,1492
2013-07-31,3029,858,1495
2013-08-01,3030,859,1495
2013-08-02,3032,859,1498
2013-08-03,3032,859,1498
2013-08-04,3032,859,1498
2013-08-05,3040,860,1499
2013-08-06,3044,860,1501
2013-08-07,3047,860,1502
2013-08-08,3049,861,1504
2013-08-09,3050,862,1505
2013-08-10,3051,862,1506
2013-08-11,3051,862,1506
2013-08-12,3055,862,1507
2013-08-13,3056,863,1507
2013-08-14,3056,863,1507
2013-08-15,3065,863,1513
2013-08-16,3071,863,1515
2013-08-17,3073,863,1517
2013-08-18,3074,863,1518
2013-08-19,3074,865,1520
2013-08-20,3082,865,1525
2013-08-21,3085,865,1529
2013-08-22,3094,865,1531
2013-08-23,3097,867,1531
2013-08-24,3101,868,1536
2013-08-25,3103,870,1540
2013-08-26,3104,871,1540
2013-08-27,3104,871,1540
2013-08-28,3109,871,1546
2013-08-29,3114,872,1549
2013-08-30,3121,875,1553
2013-08-31,3122,875,1555
2013-09-01,3122,875,1555
2013-09-02,3126,875,1555
2013-09-03,3127,875,1555
2013-09-04,3129,878,1560
2013-09-05,3131,878,1562
2013-09-06,3136,878,1562
2013-09-07,3136,878,1562
2013-09-08,3138,878,1564
2013-09-09,3142,879,1565
2013-09-10,3148,880,1566
2013-09-11,3149,880,1569
2013-09-12,3149,880,1569
2013-09-13,3153,883,1570
2013-09-14,3159,883,1573
2013-09-15,3159,883,1573
2013-09-16,3164,886,1575
2013-09-17,3167,888,1576
2013-09-18,3180,890,1583
2013-09-19,3185,892,1585
2013-09-20,3189,892,1585
2013-09-21,3191,892,1585
2013-09-22,3193,892,1586
2013-09-23,3196,892,1588
2013-09-24,3198,892,1591
2013-09-25,3199,893,1593
2013-09-26,3203,895,1596
2013-09-27,3204,896,1596
2013-09-28,3209,896,1598
2013-09-29,3212,896,1600
2013-09-30,3212,896,1600
2013-10-01,3218,897,1605
2013-10-02,3218,898,1605
2013-10-03,3221,898,1606
2013-10-04,3232,899,1608
2013-10-05,3232,900,1610
2013-10-06,3234,900,1611
2013-10-07,3236,902,1615
2013-10-08,3240,902,1617
2013-10-09,3241,903,1620
2013-10-10,3243,904,1623
2013-10-11,3249,905,1627
2013-10-12,3251,905,1629
2013-10-13,3252,905,1631
2013-10-14,3254,905,1632
2013-10-15,3272,908,1634
2013-10-16,3279,909,1640
2013-10-17,3284,910,1641
2013-10-18,3286,912,1643
2013-10-19,3288,915,1645
2013-10-20,3300,917,1647
2013-10-21,3306,919,1648
2013-10-22,3314,922,1653
2013-10-23,3325,923,1657
2013-10-24,3331,926,1662
2013-10-25,3338,926,1667
2013-10-26,3347,927,1677
2013-10-27,3355,930,1679
2013-10-28,3368,933,1686
2013-10-29,3371,936,1687
2013-10-30,3376,937,1691
2013-10-31,3380,937,1691
2013-11-01,3383,938,1693
2013-11-02,3385,938,1694
2013-11-03,3386,939,1694
2013-11-04,3396,940,1697
2013-11-05,3402,945,1701
2013-11-06,3403,948,1703
2013-11-07,3405,954,1703
2013-11-08,3409,955,1705
2013-11-09,3411,958,1705
2013-11-10,3415,959,1706
2013-11-11,3436,961,1712
2013-11-12,3441,961,1715
2013-11-13,3448,963,1718
2013-11-14,3453,966,1724
2013-11-15,3457,966,1732
2013-11-16,3459,969,1735
2013-11-17,3463,970,1739
2013-11-18,3472,971,1742
2013-11-19,3475,972,1743
2013-11-20,3477,978,1748
2013-11-21,3482,979,1753
2013-11-22,3487,983,1758
2013-11-23,3487,983,1758
2013-11-24,3490,984,1758
2013-11-25,3491,986,1758
2013-11-26,3492,987,1760
2013-11-27,3497,987,1763
2013-11-28,3507,990,1767
2013-11-29,3510,992,1769
2013-11-30,3515,994,1769
2013-12-01,3516,996,1771
2013-12-02,3523,997,1776
2013-12-03,3529,999,1781
2013-12-04,3543,999,1786
2013-12-05,3545,1001,1787
2013-12-06,3550,1003,1787
2013-12-07,3551,1004,1788
2013-12-08,3556,1005,1791
2013-12-09,3565,1007,1794
2013-12-10,3573,1010,1802
2013-12-11,3579,1011,1806
2013-12-12,3582,1016,1811
2013-12-13,3598,1018,1817
2013-12-14,3601,1018,1819
2013-12-15,3605,1019,1824
2013-12-16,3616,1020,1830
2013-12-17,3622,1020,1831
2013-12-18,3627,1023,1835
2013-12-19,3632,1025,1835
2013-12-20,3642,1025,1841
2013-12-21,3643,1025,1841
2013-12-22,3643,1025,1841
2013-12-23,3645,1026,1842
2013-12-24,3647,1027,1845
2013-12-25,3649,1027,1846
2013-12-26,3649,1027,1846
2013-12-27,3649,1027,1846
2013-12-28,3650,1028,1848
2013-12-29,3651,1029,1852
2013-12-30,3651,1029,1852
2013-12-31,3651,1029,1852
2014-01-01,3651,1029,1852
2014-01-02,3652,1030,1854
2014-01-03,3653,1033,1854
2014-01-04,3654,1033,1855
2014-01-05,3656,1034,1856
2014-01-06,3667,1034,1858
2014-01-07,3668,1035,1860
2014-01-08,3670,1037,1860
2014-01-09,3672,1039,1864
2014-01-10,3692,1040,1868
2014-01-11,3705,1041,1875
2014-01-12,3709,1042,1877
2014-01-13,3719,1048,1885
2014-01-14,3733,1051,1888
2014-01-15,3737,1052,1890
2014-01-16,3747,1052,1893
2014-01-17,3749,1054,1895
2014-01-18,3768,1054,1896
2014-01-19,3773,1055,1897
2014-01-20,3774,1057,1898
2014-01-21,3786,1060,1900
2014-01-22,3794,1062,1904
2014-01-23,3802,1063,1908
2014-01-24,3807,1064,1910
2014-01-25,3807,1064,1910
2014-01-26,3807,1064,1910
2014-01-27,3815,1064,1913
2014-01-28,3820,1065,1915
2014-01-29,3838,1066,1916
2014-01-30,3845,1066,1920
2014-01-31,3848,1068,1922
2014-02-01,3848,1068,1922
2014-02-02,3850,1072,1924
2014-02-03,3854,1072,1927
2014-02-04,3855,1074,1930
2014-02-05,3858,1078,1932
2014-02-06,3862,1078,1933
2014-02-07,3866,1081,1936
2014-02-08,3873,1081,1939
2014-02-09,3877,1081,1940
2014-02-10,3885,1082,1941
2014-02-11,3890,1084,1944
2014-02-12,3891,1085,1949
2014-02-13,3898,1087,1954
2014-02-14,3903,1090,1956
2014-02-15,3904,1092,1958
2014-02-16,3908,1093,1965
2014-02-17,3920,1094,1971
2014-02-18,3924,1096,1980
2014-02-19,3927,1096,1982
2014-02-20,3930,1098,1982
2014-02-21,3932,1102,1992
2014-02-22,3937,1102,1996
2014-02-23,3941,1104,1996
2014-02-24,3946,1104,1999
2014-02-25,3951,1105,2007
2014-02-26,3961,1106,2013
2014-02-27,3968,1110,2021
2014-02-28,3981,1112,2024
2014-03-01,3985,1115,2026
2014-03-02,3985,1115,2026
2014-03-03,3987,1122,2029
2014-03-04,3991,1124,2034
2014-03-05,3999,1128,2040
2014-03-06,4001,1129,2041
2014-03-07,4006,1131,2047
2014-03-08,4008,1134,2053
2014-03-09,4008,1134,2053
2014-03-10,4026,1136,2060
2014-03-11,4033,1139,2067
2014-03-12,4037,1144,2070
2014-03-13,4041,1145,2073
2014-03-14,4046,1150,2079
2014-03-15,4053,1151,2084
2014-03-16,4056,1154,2090
2014-03-17,4058,1155,2090
2014-03-18,4064,1156,2094
2014-03-19,4066,1165,2095
2014-03-20,4074,1171,2098
2014-03-21,4087,1175,2108
2014-03-22,4091,1176,2116
2014-03-23,4092,1179,2117
2014-03-24,4095,1182,2120
2014-03-25,4099,1186,2125
2014-03-26,4104,1187,2127
2014-03-27,4110,1190,2128
2014-03-28,4113,1193,2134
2014-03-29,4118,1195,2135
2014-03-30,4121,1196,2137
2014-03-31,4138,1196,2142
2014-04-01,4144,1198,2144
2014-04-02,4149,1200,2148
2014-04-03,4153,1201,2149
2014-04-04,4155,1202,2149
2014-04-05,4157,1206,2151
2014-04-06,4159,1208,2153
2014-04-07,4164,1209,2159
2014-04-08,4173,1212,2162
2014-04-09,4183,1215,2170
2014-04-10,4184,1215,2174
2014-04-11,4193,1215,2174
2014-04-12,4196,1216,2176
2014-04-13,4196,1216,2176
2014-04-14,4198,1217,2178
2014-04-15,4198,1220,2179
2014-04-16,4202,1225,2179
2014-04-17,4204,1225,2179
2014-04-18,4206,1226,2180
2014-04-19,4209,1231,2182
2014-04-20,4209,1231,2182
2014-04-21,4209,1231,2182
2014-04-22,4221,1236,2183
2014-04-23,4226,1236,2184
2014-04-24,4231,1239,2187
2014-04-25,4233,1240,2189
2014-04-26,4233,1240,2189
2014-04-27,4237,1241,2190
2014-04-28,4238,1242,2193
2014-04-29,4239,1242,2195
2014-04-30,4244,1245,2197
2014-05-01,4254,1245,2200
2014-05-02,4267,1246,2206
2014-05-03,4267,1246,2206
2014-05-04,4268,1247,2206
2014-05-05,4271,1250,2211
2014-05-06,4277,1255,2214
2014-05-07,4279,1257,2221
2014-05-08,4287,1259,2223
2014-05-09,4317,1264,2229
2014-05-10,4318,1265,2231
2014-05-11,4319,1267,2234
2014-05-12,4331,1269,2237
2014-05-13,4346,1269,2240
2014-05-14,4346,1269,2240
2014-05-15,4347,1270,2243
2014-05-16,4347,1270,2243
2014-05-17,4348,1271,2244
2014-05-18,4348,1271,2244
2014-05-19,4351,1272,2245
2014-05-20,4363,1272,2252
2014-05-21,4368,1273,2254
2014-05-22,4370,1274,2259
2014-05-23,4381,1279,2265
2014-05-24,4384,1279,2268
2014-05-25,4387,1279,2269
2014-05-26,4387,1279,2269
2014-05-27,4389,1281,2270
2014-05-28,4392,1281,2274
2014-05-29,4402,1287,2279
2014-05-30,4408,1288,2286
2014-05-31,4408,1291,2286
2014-06-01,4412,1292,2286
2014-06-02,4421,1295,2291
2014-06-03,4429,1295,2296
2014-06-04,4448,1295,2303
2014-06-05,4462,1295,2307
2014-06-06,4471,1296,2311
2014-06-07,4474,1296,2315
2014-06-08,4477,1296,2320
2014-06-09,4485,1297,2322
2014-06-10,4488,1299,2326
2014-06-11,4503,1301,2333
2014-06-12,4511,1301,2337
2014-06-13,4511,1301,2337
2014-06-14,4512,1302,2338
2014-06-15,4515,1305,2338
2014-06-16,4525,1309,2344
2014-06-17,4530,1313,2347
2014-06-18,4533,1315,2351
2014-06-19,4537,1317,2353
2014-06-20,4539,1319,2355
2014-06-21,4559,1324,2361
2014-06-22,4561,1325,2364
2014-06-23,4578,1325,2369
2014-06-24,4582,1327,2378
2014-06-25,4594,1328,2383
2014-06-26,4602,1330,2388
2014-06-27,4616,1332,2393
2014-06-28,4631,1334,2396
2014-06-29,4637,1336,2399
2014-06-30,4644,1337,2400
2014-07-01,4657,1337,2403
2014-07-02,4668,1338,2408
2014-07-03,4676,1339,2410
2014-07-04,4682,1339,2411
2014-07-05,4684,1340,2415
2014-07-06,4688,1343,2418
2014-07-07,4717,1345,2422
2014-07-08,4725,1346,2430
2014-07-09,4737,1350,2435
2014-07-10,4740,1351,2441
2014-07-11,4748,1352,2441
2014-07-12,4753,1355,2445
2014-07-13,4758,1357,2449
2014-07-14,4771,1357,2454
2014-07-15,4782,1360,2461
2014-07-16,4786,1362,2467
2014-07-17,4793,1364,2468
2014-07-18,4813,1364,2475
2014-07-19,4813,1364,2475
2014-07-20,4816,1365,2476
2014-07-21,4827,1366,2479
2014-07-22,4830,1368,2481
2014-07-23,4836,1370,2483
2014-07-24,4842,1373,2486
2014-07-25,4845,1373,2488
2014-07-26,4846,1373,2491
2014-07-27,4846,1373,2491
2014-07-28,4855,1374,2494
2014-07-29,4861,1375,2497
2014-07-30,4870,1377,2499
2014-07-31,4879,1378,2504
2014-08-01,4881,1378,2507
2014-08-02,4881,1380,2509
2014-08-03,4886,1381,2510
2014-08-04,4896,1383,2515
2014-08-05,4897,1385,2519
2014-08-06,4912,1387,2523
2014-08-07,4917,1387,2531
2014-08-08,4927,1389,2537
2014-08-09,4928,1389,2538
2014-08-10,4929,1390,2542
2014-08-11,4942,1393,2546
2014-08-12,4952,1394,2552
2014-08-13,4956,1395,2561
2014-08-14,4959,1395,2564
2014-08-15,4963,1397,2568
2014-08-16,4969,1398,2571
2014-08-17,4974,1398,2577
2014-08-18,4986,1400,2583
2014-08-19,4993,1400,2589
2014-08-20,4999,1401,2595
2014-08-21,5005,1404,2598
2014-08-22,5007,1405,2599
2014-08-23,5015,1406,2603
2014-08-24,5019,1409,2605
2014-08-25,5025,1409,2606
2014-08-26,5049,1409,2610
2014-08-27,5058,1410,2614
2014-08-28,5061,1412,2621
2014-08-29,5066,1412,2623
2014-08-30,5072,1415,2629
2014-08-31,5077,1416,2636
2014-09-01,5087,1418,2638
2014-09-02,5093,1420,2649
2014-09-03,5099,1421,2661
2014-09-04,5112,1424,2665
2014-09-05,5119,1427,2671
2014-09-06,5123,1428,2672
2014-09-07,5124,1429,2674
2014-09-08,5144,1433,2683
2014-09-09,5150,1436,2689
2014-09-10,5164,1440,2693
2014-09-11,5167,1442,2695
2014-09-12,5175,1446,2697
2014-09-13,5175,1446,2697
2014-09-14,5178,1448,2700
2014-09-15,5185,1453,2707
2014-09-16,5204,1453,2712
2014-09-17,5208,1454,2713
2014-09-18,5218,1455,2720
2014-09-19,5222,1457,2722
2014-09-20,5227,1458,2727
2014-09-21,5230,1458,2727
2014-09-22,5242,1458,2734
2014-09-23,5255,1458,2741
2014-09-24,5259,1461,2744
2014-09-25,5288,1461,2754
2014-09-26,5294,1461,2754
2014-09-27,5298,1462,2759
2014-09-28,5299,1465,2762
2014-09-29,5310,1466,2765
2014-09-30,5319,1467,2774
2014-10-01,5335,1468,2779
2014-10-02,5364,1471,2785
2014-10-03,5372,1472,2788
2014-10-04,5374,1472,2788
2014-10-05,5374,1472,2788
2014-10-06,5382,1473,2792
2014-10-07,5391,1473,2797
2014-10-08,5399,1475,2798
2014-10-09,5403,1476,2799
2014-10-10,5414,1477,2805
2014-10-11,5417,1477,2805
2014-10-12,5417,1477,2805
2014-10-13,5421,1478,2810
2014-10-14,5436,1478,2813
2014-10-15,5444,1478,2813
2014-10-16,5449,1479,2818
2014-10-17,5459,1480,2820
2014-10-18,5459,1480,2820
2014-10-19,5459,1480,2820
2014-10-20,5463,1480,2826
2014-10-21,5475,1481,2832
2014-10-22,5482,1482,2835
2014-10-23,5487,1486,2839
2014-10-24,5501,1490,2845
2014-10-25,5513,1490,2848
2014-10-26,5513,1490,2848
2014-10-27,5530,1491,2849
2014-10-28,5540,1493,2857
2014-10-29,5546,1495,2865
2014-10-30,5561,1498,2870
2014-10-31,5579,1498,2873
2014-11-01,5580,1499,2877
2014-11-02,5580,1499,2877
2014-11-03,5589,1500,2880
2014-11-04,5599,1501,2887
2014-11-05,5607,1501,2896
2014-11-06,5615,1501,2906
2014-11-07,5624,1502,2913
2014-11-08,5627,1503,2920
2014-11-09,5627,1503,2920
2014-11-10,5635,1504,2925
2014-11-11,5635,1505,2926
2014-11-12,5640,1508,2930
2014-11-13,5648,1510,2936
2014-11-14,5653,1512,2940
2014-11-15,5653,1512,2940
2014-11-16,5660,1512,2944
2014-11-17,5675,1513,2949
2014-11-18,5698,1516,2954
2014-11-19,5716,1519,2960
2014-11-20,5757,1521,2970
2014-11-21,5767,1527,2975
2014-11-22,5771,1527,2979
2014-11-23,5777,1530,2982
2014-11-24,5790,1530,2984
2014-11-25,5804,1531,2993
2014-11-26,5830,1539,2996
2014-11-27,5836,1539,3000
2014-11-28,5842,1539,3005
2014-11-29,5843,1539,3007
2014-11-30,5844,1540,3009
2014-12-01,5854,1540,3013
2014-12-02,5865,1541,3019
2014-12-03,5873,1542,3025
2014-12-04,5881,1544,3028
2014-12-05,5892,1545,3031
2014-12-06,5898,1545,3034
2014-12-07,5900,1545,3039
2014-12-08,5909,1546,3042
2014-12-09,5918,1547,3047
2014-12-10,5920,1548,3047
2014-12-11,5934,1550,3053
2014-12-12,5942,1550,3056
2014-12-13,5943,1551,3061
2014-12-14,5944,1551,3061
2014-12-15,5948,1551,3066
2014-12-16,5966,1551,3076
2014-12-17,5972,1553,3083
2014-12-18,5973,1553,3086
2014-12-19,5988,1553,3093
2014-12-20,5993,1553,3098
2014-12-21,5995,1553,3103
2014-12-22,5999,1554,3104
2014-12-23,6010,1554,3109
2014-12-24,6012,1555,3110
2014-12-25,6013,1556,3112
2014-12-26,6016,1556,3113
2014-12-27,6031,1558,3118
2014-12-28,6032,1560,3122
2014-12-29,6042,1562,3127
2014-12-30,6050,1567,3130
2014-12-31,6059,1568,3134
2015-01-01,6060,1569,3137
2015-01-02,6076,1569,3138
2015-01-03,6079,1569,3139
2015-01-04,6085,1570,3141
2015-01-05,6104,1571,3142
2015-01-06,6112,1573,3146
2015-01-07,6123,1573,3150
2015-01-08,6133,1574,3154
2015-01-09,6135,1579,3158
2015-01-10,6139,1581,3161
2015-01-11,6140,1583,3163
2015-01-12,6148,1586,3168
2015-01-13,6151,1587,3169
2015-01-14,6164,1592,3172
2015-01-15,6165,1596,3176
2015-01-16,6173,1597,3179
2015-01-17,6176,1597,3179
2015-01-18,6176,1597,3179
2015-01-19,6179,1599,3181
2015-01-20,6189,1601,3184
2015-01-21,6192,1601,3185
2015-01-22,6192,1601,3185
2015-01-23,6194,1603,3192
2015-01-24,6195,1604,3194
2015-01-25,6197,1604,3197
2015-01-26,6205,1605,3199
2015-01-27,6205,1605,3199
2015-01-28,6207,1605,3201
2015-01-29,6213,1606,3201
2015-01-30,6214,1608,3202
2015-01-31,6228,1609,3207
2015-02-01,6233,1609,3208
2015-02-02,6235,1611,3210
2015-02-03,6246,1614,3212
2015-02-04,6258,1616,3219
2015-02-05,6260,1617,3220
2015-02-06,6263,1618,3221
2015-02-07,6263,1618,3221
2015-02-08,6264,1618,3225
2015-02-09,6268,1620,3228
2015-02-10,6270,1623,3231
2015-02-11,6271,1624,3231
2015-02-12,6271,1624,3231
2015-02-13,6272,1625,3231
2015-02-14,6273,1626,3232
2015-02-15,6274,1627,3232
2015-02-16,6276,1628,3232
2015-02-17,6277,1631,3233
2015-02-18,6278,1632,3235
2015-02-19,6278,1634,3235
2015-02-20,6279,1635,3238
2015-02-21,6281,1636,3242
2015-02-22,6281,1636,3242
2015-02-23,6285,1637,3244
2015-02-24,6288,1639,3247
2015-02-25,6291,1641,3249
2015-02-26,6299,1641,3254
2015-02-27,6299,1641,3254
2015-02-28,6299,1641,3254
2015-03-01,6300,1642,3255
2015-03-02,6301,1643,3256
2015-03-03,6307,1645,3259
2015-03-04,6307,1645,3259
2015-03-05,6310,1646,3261
2015-03-06,6331,1647,3266
2015-03-07,6332,1650,3267
2015-03-08,6332,1650,3267
2015-03-09,6341,1650,3269
2015-03-10,6342,1652,3270
2015-03-11,6349,1653,3273
2015-03-12,6358,1654,3277
2015-03-13,6364,1656,3282
2015-03-14,6364,1656,3282
2015-03-15,6364,1656,3282
2015-03-16,6368,1661,3284
2015-03-17,6372,1664,3289
2015-03-18,6373,1665,3293
2015-03-19,6373,1665,3293
2015-03-20,6377,1665,3293
2015-03-21,6380,1666,3296
2015-03-22,6382,1667,3300
2015-03-23,6382,1667,3300
2015-03-24,6401,1667,3303
2015-03-25,6403,1668,3304
2015-03-26,6408,1668,3307
2015-03-27,6413,1668,3312
2015-03-28,6413,1668,3312
2015-03-29,6416,1668,3313
2015-03-30,6419,1669,3313
2015-03-31,6419,1669,3313
2015-04-01,6431,1669,3316
2015-04-02,6432,1670,3320
2015-04-03,6434,1670,3324
2015-04-04,6435,1670,3326
2015-04-05,6435,1670,3326
2015-04-06,6436,1671,3328
2015-04-07,6438,1672,3330
2015-04-08,6444,1675,3331
2015-04-09,6446,1675,3335
2015-04-10,6449,1676,3345
2015-04-11,6449,1676,3345
2015-04-12,6454,1677,3346
2015-04-13,6458,1677,3349
2015-04-14,6461,1678,3352
2015-04-15,6468,1681,3353
2015-04-16,6471,1681,3357
2015-04-17,6472,1682,3358
2015-04-18,6472,1682,3358
2015-04-19,6474,1683,3361
2015-04-20,6497,1684,3367
2015-04-21,6501,1687,3369
2015-04-22,6505,1688,3375
2015-04-23,6510,1688,3377
2015-04-24,6519,1689,3380
2015-04-25,6520,1689,3386
2015-04-26,6522,1691,3387
2015-04-27,6523,1693,3388
2015-04-28,6538,1694,3393
2015-04-29,6550,1696,3397
2015-04-30,6560,1696,3400
2015-05-01,6570,1699,3402
2015-05-02,6573,1700,3405
2015-05-03,6574,1702,3406
2015-05-04,6588,1702,3410
2015-05-05,6594,1703,3412
2015-05-06,6602,1706,3415
2015-05-07,6605,1707,3416
2015-05-08,6606,1708,3418
2015-05-09,6609,1709,3418
2015-05-10,6611,1709,3418
2015-05-11,6614,1709,3419
2015-05-12,6628,1709,3424
2015-05-13,6635,1710,3431
2015-05-14,6654,1711,3436
2015-05-15,6667,1712,3440
2015-05-16,6672,1713,3443
2015-05-17,6672,1713,3443
2015-05-18,6686,1713,3448
2015-05-19,6693,1714,3453
2015-05-20,6699,1715,3455
2015-05-21,6702,1716,3458
2015-05-22,6706,1717,3462
2015-05-23,6707,1719,3464
2015-05-24,6709,1720,3464
2015-05-25,6709,1720,3464
2015-05-26,6719,1721,3467
2015-05-27,6735,1723,3471
2015-05-28,6739,1724,3473
2015-05-29,6741,1724,3473
2015-05-30,6741,1724,3473
2015-05-31,6742,1724,3477
2015-06-01,6751,1725,3483
2015-06-02,6760,1725,3488
2015-06-03,6769,1726,3493
2015-06-04,6788,1726,3502
2015-06-05,6794,1726,3505
2015-06-06,6801,1727,3507
2015-06-07,6802,1727,3510
2015-06-08,6805,1730,3515
2015-06-09,6811,1731,3520
2015-06-10,6823,1733,3524
2015-06-11,6832,1734,3524
2015-06-12,6837,1736,3528
2015-06-13,6838,1736,3530
2015-06-14,6839,1736,3531
2015-06-15,6847,1736,3534
2015-06-16,6856,1741,3539
2015-06-17,6870,1742,3541
2015-06-18,6875,1743,3544
2015-06-19,6884,1745,3550
2015-06-20,6886,1746,3553
2015-06-21,6888,1746,3556
2015-06-22,6896,1748,3558
2015-06-23,6898,1750,3561
2015-06-24,6899,1753,3569
2015-06-25,6906,1753,3569
2015-06-26,6910,1753,3573
2015-06-27,6910,1753,3573
2015-06-28,6910,1753,3573
2015-06-29,6911,1753,3577
2015-06-30,6920,1754,3579
2015-07-01,6926,1755,3581
2015-07-02,6941,1756,3585
2015-07-03,6951,1757,3591
2015-07-04,6951,1757,3591
2015-07-05,6952,1757,3591
2015-07-06,6956,1757,3597
2015-07-07,6959,1763,3601
2015-07-08,6962,1764,3606
2015-07-09,6964,1767,3612
2015-07-10,6979,1767,3616
2015-07-11,6982,1767,3622
2015-07-12,6984,1769,3623
2015-07-13,6989,1771,3625
2015-07-14,6994,1775,3630
2015-07-15,7005,1777,3634
2015-07-16,7006,1777,3639
2015-07-17,7011,1778,3642
2015-07-18,7016,1780,3643
2015-07-19,7017,1781,3643
2015-07-20,7033,1781,3643
2015-07-21,7036,1782,3643
2015-07-22,7040,1785,3646
2015-07-23,7046,1785,3648
2015-07-24,7051,1786,3650
2015-07-25,7052,1787,3650
2015-07-26,7052,1787,3650
2015-07-27,7070,1788,3653
2015-07-28,7077,1789,3657
2015-07-29,7081,1792,3657
2015-07-30,7082,1794,3658
2015-07-31,7087,1796,3661
2015-08-01,7089,1797,3664
2015-08-02,7089,1797,3664
2015-08-03,7101,1799,3667
2015-08-04,7105,1803,3670
2015-08-05,7113,1806,3673
2015-08-06,7119,1809,3677
2015-08-07,7126,1810,3680
2015-08-08,7129,1813,3681
2015-08-09,7129,1813,3681
2015-08-10,7138,1815,3683
2015-08-11,7147,1817,3688
2015-08-12,7149,1817,3689
2015-08-13,7150,1819,3690
2015-08-14,7153,1820,3692
2015-08-15,7153,1821,3692
2015-08-16,7153,1821,3692
2015-08-17,7159,1822,3696
2015-08-18,7161,1824,3699
2015-08-19,7168,1827,3699
2015-08-20,7173,1828,3701
2015-08-21,7175,1828,3703
2015-08-22,7186,1829,3703
2015-08-23,7187,1830,3704
2015-08-24,7189,1833,3705
2015-08-25,7195,1833,3708
2015-08-26,7198,1833,3709
2015-08-27,7198,1833,3709
2015-08-28,7198,1833,3709
2015-08-29,7200,1834,3711
2015-08-30,7200,1834,3711
2015-08-31,7203,1839,3715
2015-09-01,7204,1843,3717
2015-09-02,7219,1845,3724
2015-09-03,7235,1848,3728
2015-09-04,7246,1849,3733
2015-09-05,7246,1849,3733
2015-09-06,7248,1849,3736
2015-09-07,7252,1849,3743
2015-09-08,7261,1850,3745
2015-09-09,7261,1850,3745
2015-09-10,7261,1850,3745
2015-09-11,7261,1850,3745
2015-09-12,7264,1851,3748
2015-09-13,7266,1851,3750
2015-09-14,7267,1852,3752
2015-09-15,7268,1854,3753
2015-09-16,7287,1859,3755
2015-09-17,7293,1859,3760
2015-09-18,7300,1860,3766
2015-09-19,7302,1863,3766
2015-09-20,7303,1865,3768
2015-09-21,7311,1865,3771
2015-09-22,7320,1867,3772
2015-09-23,7331,1868,3774
2015-09-24,7336,1870,3778
2015-09-25,7342,1870,3781
2015-09-26,7345,1871,3782
2015-09-27,7346,1872,3784
2015-09-28,7352,1873,3788
2015-09-29,7362,1874,3790
2015-09-30,7371,1875,3793
2015-10-01,7398,1875,3795
2015-10-02,7400,1877,3799
2015-10-03,7401,1878,3799
2015-10-04,7402,1882,3799
2015-10-05,7411,1883,3804
2015-10-06,7424,1886,3810
2015-10-07,7426,1888,3811
2015-10-08,7432,1890,3816
2015-10-09,7450,1892,3825
2015-10-10,7453,1893,3829
2015-10-11,7457,1893,3832
2015-10-12,7459,1895,3835
2015-10-13,7480,1897,3843
2015-10-14,7484,1899,3850
2015-10-15,7491,1901,3853
2015-10-16,7492,1903,3855
2015-10-17,7494,1903,3858
2015-10-18,7496,1905,3862
2015-10-19,7504,1906,3869
2015-10-20,7517,1907,3871
2015-10-21,7520,1908,3876
2015-10-22,7526,1909,3879
2015-10-23,7550,1911,3889
2015-10-24,7550,1911,3889
2015-10-25,7552,1911,3891
2015-10-26,7567,1911,3892
2015-10-27,7571,1911,3895
2015-10-28,7585,1912,3898
2015-10-29,7593,1914,3903
2015-10-30,7596,1914,3908
2015-10-31,7599,1916,3910
2015-11-01,7603,1916,3912
2015-11-02,7607,1917,3913
2015-11-03,7616,1917,3918
2015-11-04,7632,1919,3925
2015-11-05,7640,1922,3930
2015-11-06,7642,1926,3934
2015-11-07,7642,1926,3934
2015-11-08,7643,1926,3935
2015-11-09,7653,1930,3940
2015-11-10,7674,1930,3945
2015-11-11,7692,1931,3953
2015-11-12,7709,1933,3958
2015-11-13,7730,1938,3966
2015-11-14,7745,1941,3968
2015-11-15,7746,1941,3970
2015-11-16,7767,1945,3977
2015-11-17,7779,1949,3986
2015-11-18,7789,1951,3994
2015-11-19,7803,1951,4001
2015-11-20,7814,1951,4009
2015-11-21,7820,1952,4010
2015-11-22,7824,1953,4013
2015-11-23,7827,1955,4018
2015-11-24,7842,1957,4023
2015-11-25,7848,1959,4027
2015-11-26,7852,1961,4034
2015-11-27,7872,1966,4041
2015-11-28,7885,1967,4045
2015-11-29,7892,1968,4046
2015-11-30,7935,1968,4051
2015-12-01,7970,1970,4062
2015-12-02,8001,1970,4069
2015-12-03,8008,1974,4073
2015-12-04,8012,1975,4078
2015-12-05,8015,1977,4078
2015-12-06,8016,1978,4079
2015-12-07,8023,1980,4084
2015-12-08,8028,1980,4086
2015-12-09,8032,1983,4091
2015-12-10,8035,1984,4092
2015-12-11,8040,1985,4092
2015-12-12,8043,1985,4094
2015-12-13,8045,1987,4096
2015-12-14,8059,1990,4102
2015-12-15,8061,1991,4104
2015-12-16,8063,1991,4109
2015-12-17,8065,1992,4112
2015-12-18,8070,1994,4115
2015-12-19,8071,1996,4115
2015-12-20,8072,1997,4116
2015-12-21,8073,2001,4119
2015-12-22,8086,2003,4119
2015-12-23,8087,2006,4119
2015-12-24,8088,2006,4120
2015-12-25,8089,2007,4123
2015-12-26,8092,2008,4126
2015-12-27,8092,2008,4126
2015-12-28,8092,2008,4126
2015-12-29,8093,2008,4127
2015-12-30,8095,2009,4130
2015-12-31,8095,2009,4130
2016-01-01,8095,2009,4130
2016-01-02,8098,2010,4131
2016-01-03,8101,2014,4133
2016-01-04,8114,2017,4141
2016-01-05,8130,2021,4145
2016-01-06,8134,2023,4146
2016-01-07,8146,2023,4152
2016-01-08,8152,2026,4158
2016-01-09,8158,2026,4160
2016-01-10,8159,2027,4161
2016-01-11,8160,2027,4162
2016-01-12,8161,2029,4163
2016-01-13,8174,2030,4170
2016-01-14,8177,2033,4174
2016-01-15,8183,2034,4179
2016-01-16,8185,2036,4179
2016-01-17,8188,2040,4182
2016-01-18,8206,2042,4190
2016-01-19,8211,2044,4192
2016-01-20,8219,2045,4195
2016-01-21,8220,2045,4198
2016-01-22,8223,2049,4203
2016-01-23,8225,2051,4206
2016-01-24,8225,2051,4206
2016-01-25,8227,2053,4209
2016-01-26,8229,2055,4210
2016-01-27,8237,2058,4215
2016-01-28,8245,2062,4220
2016-01-29,8247,2063,4223
2016-01-30,8249,2063,4223
2016-01-31,8252,2066,4225
2016-02-01,8261,2072,4228
2016-02-02,8263,2072,4230
2016-02-03,8270,2074,4234
2016-02-04,8273,2075,4236
2016-02-05,8273,2075,4236
2016-02-06,8273,2075,4236
2016-02-07,8274,2076,4238
2016-02-08,8277,2079,4242
2016-02-09,8284,2082,4247
2016-02-10,8290,2088,4252
2016-02-11,8296,2094,4261
2016-02-12,8302,2095,4266
2016-02-13,8303,2096,4268
2016-02-14,8305,2096,4270
2016-02-15,8307,2097,4272
2016-02-16,8309,2099,4277
2016-02-17,8309,2099,4277
2016-02-18,8312,2100,4280
2016-02-19,8312,2100,4280
2016-02-20,8312,2100,4280
2016-02-21,8312,2100,4280
2016-02-22,8312,2100,4280
2016-02-23,8314,2103,4281
2016-02-24,8318,2106,4288
2016-02-25,8318,2106,4288
2016-02-26,8323,2107,4295
2016-02-27,8328,2108,4300
2016-02-28,8328,2108,4300
2016-02-29,8329,2108,4304
2016-03-01,8334,2110,4306
2016-03-02,8335,2112,4307
2016-03-03,8337,2115,4310
2016-03-04,8337,2115,4310
2016-03-05,8338,2115,4310
2016-03-06,8338,2115,4310
2016-03-07,8338,2115,4310
2016-03-08,8341,2115,4317
2016-03-09,8345,2117,4322
2016-03-10,8346,2117,4324
2016-03-11,8350,2117,4326
2016-03-12,8352,2118,4327
2016-03-13,8352,2118,4327
2016-03-14,8368,2122,4336
2016-03-15,8373,2123,4339
2016-03-16,8376,2123,4341
2016-03-17,8380,2127,4344
2016-03-18,8397,2129,4351
2016-03-19,8401,2131,4354
2016-03-20,8401,2131,4354
2016-03-21,8409,2131,4359
2016-03-22,8412,2133,4360
2016-03-23,8417,2136,4361
2016-03-24,8418,2136,4363
2016-03-25,8418,2136,4363
2016-03-26,8419,2136,4366
2016-03-27,8419,2136,4366
2016-03-28,8422,2138,4369
2016-03-29,8427,2140,4374
2016-03-30,8430,2143,4377
2016-03-31,8433,2144,4381
2016-04-01,8436,2145,4385
2016-04-02,8441,2146,4389
2016-04-03,8448,2148,4399
2016-04-04,8455,2150,4402
2016-04-05,8465,2150,4413
2016-04-06,8469,2150,4422
2016-04-07,8478,2152,4427
2016-04-08,8481,2155,4434
2016-04-09,8487,2155,4439
2016-04-10,8491,2155,4441
2016-04-11,8498,2157,4444
2016-04-12,8499,2157,4447
2016-04-13,8502,2158,4450
2016-04-14,8505,2159,4453
2016-04-15,8516,2161,4460
2016-04-16,8521,2165,4468
2016-04-17,8523,2167,4468
2016-04-18,8530,2167,4472
2016-04-19,8540,2169,4477
2016-04-20,8552,2170,4482
2016-04-21,8555,2170,4483
2016-04-22,8559,2171,4487
2016-04-23,8564,2173,4488
2016-04-24,8565,2173,4492
2016-04-25,8575,2174,4497
2016-04-26,8586,2175,4506
2016-04-27,8596,2176,4512
2016-04-28,8605,2178,4516
2016-04-29,8607,2181,4519
2016-04-30,8610,2184,4523
2016-05-01,8610,2184,4523
2016-05-02,8613,2187,4525
2016-05-03,8613,2187,4525
2016-05-04,8618,2189,4529
2016-05-05,8629,2191,4536
2016-05-06,8639,2192,4542
2016-05-07,8639,2192,4542
2016-05-08,8640,2195,4543
2016-05-09,8648,2197,4547
2016-05-10,8661,2199,4553
2016-05-11,8666,2201,4555
2016-05-12,8674,2202,4559
2016-05-13,8683,2202,4561
2016-05-14,8683,2202,4561
2016-05-15,8686,2202,4564
2016-05-16,8692,2203,4565
2016-05-17,8703,2205,4569
2016-05-18,8707,2206,4572
2016-05-19,8711,2208,4574
2016-05-20,8715,2209,4578
2016-05-21,8720,2210,4581
2016-05-22,8721,2210,4583
2016-05-23,8721,2210,4583
2016-05-24,8723,2212,4586
2016-05-25,8726,2213,4586
2016-05-26,8730,2216,4589
2016-05-27,8734,2217,4592
2016-05-28,8737,2218,4594
2016-05-29,8738,2218,4595
2016-05-30,8742,2225,4599
2016-05-31,8746,2225,4601
2016-06-01,8750,2227,4603
2016-06-02,8767,2229,4608
2016-06-03,8769,2230,4610
2016-06-04,8771,2231,4610
2016-06-05,8772,2231,4612
2016-06-06,8784,2232,4616
2016-06-07,8795,2238,4620
2016-06-08,8804,2239,4629
2016-06-09,8816,2240,4637
2016-06-10,8828,2241,4639
2016-06-11,8828,2241,4639
2016-06-12,8830,2242,4641
2016-06-13,8844,2242,4646
2016-06-14,8846,2243,4647
2016-06-15,8853,2243,4652
2016-06-16,8856,2244,4654
2016-06-17,8865,2245,4658
2016-06-18,8869,2249,4661
2016-06-19,8879,2250,4663
2016-06-20,8891,2251,4666
2016-06-21,8897,2251,4671
2016-06-22,8925,2254,4676
2016-06-23,8928,2258,4679
2016-06-24,8934,2259,4685
2016-06-25,8934,2259,4685
2016-06-26,8936,2262,4689
2016-06-27,8939,2263,4692
2016-06-28,8947,2264,4698
2016-06-29,8949,2266,4704
2016-06-30,8953,2268,4706
2016-07-01,8954,2268,4707
2016-07-02,8955,2269,4707
2016-07-03,8955,2269,4707
2016-07-04,8955,2269,4707
2016-07-05,8958,2269,4711
2016-07-06,8962,2271,4712
2016-07-07,8968,2271,4716
2016-07-08,8972,2271,4723
2016-07-09,8977,2272,4725
2016-07-10,8977,2272,4725
2016-07-11,8977,2272,4725
2016-07-12,8980,2274,4726
2016-07-13,8980,2274,4726
2016-07-14,8982,2274,4728
2016-07-15,8985,2274,4731
2016-07-16,8987,2274,4735
2016-07-17,8988,2276,4737
2016-07-18,8996,2276,4750
2016-07-19,8999,2278,4754
2016-07-20,9001,2279,4758
2016-07-21,9005,2279,4761
2016-07-22,9008,2279,4763
2016-07-23,9008,2279,4763
2016-07-24,9011,2282,4765
2016-07-25,9011,2282,4765
2016-07-26,9013,2284,4767
2016-07-27,9017,2287,4770
2016-07-28,9025,2289,4774
2016-07-29,9031,2292,4778
2016-07-30,9038,2294,4779
2016-07-31,9046,2297,4781
2016-08-01,9049,2297,4787
2016-08-02,9051,2298,4789
2016-08-03,9052,2298,4791
2016-08-04,9053,2299,4801
2016-08-05,9057,2299,4807
2016-08-06,9058,2301,4811
2016-08-07,9061,2304,4814
2016-08-08,9065,2304,4819
2016-08-09,9071,2305,4820
2016-08-10,9074,2307,4822
2016-08-11,9074,2307,4822
2016-08-12,9077,2308,4824
2016-08-13,9078,2309,4828
2016-08-14,9080,2310,4829
2016-08-15,9083,2311,4834
2016-08-16,9089,2314,4841
2016-08-17,9093,2316,4844
2016-08-18,9097,2316,4851
2016-08-19,9102,2317,4856
2016-08-20,9104,2318,4857
2016-08-21,9107,2319,4857
2016-08-22,9112,2319,4859
2016-08-23,9120,2320,4865
2016-08-24,9125,2324,4872
2016-08-25,9131,2328,4879
2016-08-26,9151,2330,4890
2016-08-27,9155,2334,4895
2016-08-28,9160,2334,4897
2016-08-29,9162,2334,4900
2016-08-30,9163,2336,4902
2016-08-31,9165,2337,4909
2016-09-01,9171,2339,4912
2016-09-02,9175,2343,4923
2016-09-03,9176,2343,4925
2016-09-04,9179,2343,4926
2016-09-05,9183,2344,4929
2016-09-06,9187,2347,4932
2016-09-07,9190,2347,4940
2016-09-08,9225,2348,4942
2016-09-09,9227,2351,4948
2016-09-10,9229,2351,4951
2016-09-11,9233,2352,4955
2016-09-12,9233,2352,4955
2016-09-13,9241,2354,4965
2016-09-14,9247,2357,4975
2016-09-15,9255,2358,4981
2016-09-16,9260,2360,4987
2016-09-17,9261,2362,4989
2016-09-18,9262,2362,4992
2016-09-19,9264,2365,4995
2016-09-20,9268,2366,5001
2016-09-21,9281,2369,5012
2016-09-22,9288,2372,5022
2016-09-23,9292,2373,5024
2016-09-24,9293,2373,5026
2016-09-25,9300,2374,5031
2016-09-26,9306,2375,5036
2016-09-27,9311,2376,5042
2016-09-28,9317,2378,5049
2016-09-29,9325,2379,5060
2016-09-30,9330,2380,5065
2016-10-01,9334,2381,5073
2016-10-02,9337,2382,5075
2016-10-03,9338,2385,5080
2016-10-04,9360,2388,5089
2016-10-05,9366,2389,5098
2016-10-06,9369,2389,5098
2016-10-07,9369,2389,5098
2016-10-08,9369,2389,5098
2016-10-09,9369,2389,5098
2016-10-10,9371,2391,5099
2016-10-11,9372,2393,5101
2016-10-12,9372,2393,5101
2016-10-13,9375,2394,5105
2016-10-14,9376,2395,5108
2016-10-15,9381,2398,5113
2016-10-16,9389,2399,5114
2016-10-17,9405,2403,5124
2016-10-18,9412,2407,5138
2016-10-19,9424,2410,5140
2016-10-20,9431,2416,5147
2016-10-21,9434,2417,5151
2016-10-22,9438,2417,5153
2016-10-23,9438,2417,5153
2016-10-24,9446,2422,5156
2016-10-25,9450,2423,5163
2016-10-26,9452,2426,5168
2016-10-27,9458,2429,5172
2016-10-28,9463,2431,5174
2016-10-29,9463,2431,5174
2016-10-30,9466,2432,5178
2016-10-31,9479,2435,5181
2016-11-01,9480,2438,5185
2016-11-02,9492,2439,5194
2016-11-03,9506,2442,5199
2016-11-04,9510,2447,5202
2016-11-05,9510,2447,5202
2016-11-06,9512,2448,5203
2016-11-07,9537,2450,5207
2016-11-08,9542,2454,5212
2016-11-09,9556,2457,5220
2016-11-10,9559,2457,5224
2016-11-11,9565,2461,5235
2016-11-12,9569,2464,5240
2016-11-13,9571,2466,5242
2016-11-14,9577,2467,5248
2016-11-15,9581,2470,5251
2016-11-16,9582,2471,5253
2016-11-17,9584,2471,5258
2016-11-18,9589,2475,5263
2016-11-19,9589,2475,5263
2016-11-20,9594,2476,5264
2016-11-21,9597,2478,5265
2016-11-22,9603,2479,5271
2016-11-23,9610,2483,5273
2016-11-24,9618,2486,5275
2016-11-25,9623,2486,5279
2016-11-26,9629,2486,5282
2016-11-27,9633,2487,5285
2016-11-28,9635,2489,5287
2016-11-29,9641,2490,5292
2016-11-30,9644,2495,5298
2016-12-01,9650,2496,5304
2016-12-02,9659,2496,5312
2016-12-03,9670,2496,5315
2016-12-04,9680,2498,5319
2016-12-05,9691,2500,5324
2016-12-06,9696,2501,5335
2016-12-07,9700,2501,5337
2016-12-08,9708,2502,5338
2016-12-09,9714,2502,5348
2016-12-10,9715,2504,5350
2016-12-11,9716,2507,5352
2016-12-12,9723,2509,5362
2016-12-13,9729,2511,5367
2016-12-14,9735,2513,5372
2016-12-15,9746,2514,5376
2016-12-16,9748,2517,5386
2016-12-17,9749,2517,5388
2016-12-18,9749,2517,5388
2016-12-19,9750,2520,5395
2016-12-20,9756,2523,5400
2016-12-21,9761,2526,5411
2016-12-22,9769,2528,5413
2016-12-23,9774,2529,5419
2016-12-24,9780,2529,5422
2016-12-25,9780,2529,5422
2016-12-26,9782,2535,5424
2016-12-27,9785,2536,5427
2016-12-28,9785,2536,5427
2016-12-29,9801,2539,5430
2016-12-30,9805,2542,5432
2016-12-31,9806,2542,5435
2017-01-01,9806,2542,5435
2017-01-02,9808,2545,5437
2017-01-03,9819,2547,5439
2017-01-04,9855,2548,5449
2017-01-05,9879,2550,5451
2017-01-06,9882,2551,5456
2017-01-07,9884,2551,5458
2017-01-08,9884,2551,5458
2017-01-09,9889,2551,5464
2017-01-10,9907,2552,5475
2017-01-11,9923,2553,5482
2017-01-12,9939,2557,5493
2017-01-13,9956,2560,5496
2017-01-14,9964,2560,5506
2017-01-15,9967,2563,5506
2017-01-16,9970,2564,5507
2017-01-17,9975,2564,5509
2017-01-18,9978,2565,5513
2017-01-19,9989,2568,5523
2017-01-20,10003,2571,5534
2017-01-21,10004,2571,5536
2017-01-22,10005,2572,5537
2017-01-23,10011,2573,5543
2017-01-24,10015,2574,5549
2017-01-25,10023,2576,5553
2017-01-26,10029,2581,5557
2017-01-27,10031,2582,5560
2017-01-28,10036,2583,5564
2017-01-29,10037,2583,5565
2017-01-30,10039,2585,5565
2017-01-31,10043,2586,5570
2017-02-01,10049,2589,5572
2017-02-02,10063,2591,5576
2017-02-03,10066,2593,5583
2017-02-04,10067,2599,5584
2017-02-05,10069,2599,5586
2017-02-06,10075,2601,5593
2017-02-07,10082,2604,5603
2017-02-08,10090,2605,5610
2017-02-09,10096,2606,5616
2017-02-10,10119,2606,5623
2017-02-11,10119,2606,5623
2017-02-12,10120,2607,5626
2017-02-13,10128,2608,5633
2017-02-14,10130,2610,5637
2017-02-15,10135,2612,5645
2017-02-16,10144,2614,5649
2017-02-17,10156,2616,5656
2017-02-18,10158,2616,5659
2017-02-19,10160,2621,5663
2017-02-20,10166,2624,5668
2017-02-21,10171,2626,5674
2017-02-22,10179,2628,5680
2017-02-23,10188,2633,5691
2017-02-24,10190,2635,5697
2017-02-25,10191,2636,5700
2017-02-26,10192,2640,5704
2017-02-27,10216,2644,5713
2017-02-28,10222,2648,5720
2017-03-01,10228,2650,5726
2017-03-02,10230,2651,5729
2017-03-03,10247,2651,5734
2017-03-04,10250,2656,5736
2017-03-05,10254,2658,5740
2017-03-06,10264,2660,5745
2017-03-07,10272,2665,5754
2017-03-08,10283,2669,5761
2017-03-09,10300,2671,5767
2017-03-10,10306,2673,5772
2017-03-11,10309,2674,5773
2017-03-12,10310,2675,5775
2017-03-13,10312,2677,5779
2017-03-14,10315,2678,5783
2017-03-15,10322,2684,5788
2017-03-16,10326,2686,5796
2017-03-17,10329,2689,5799
2017-03-18,10334,2694,5800
2017-03-19,10337,2695,5803
2017-03-20,10346,2695,5806
2017-03-21,10354,2697,5810
2017-03-22,10362,2697,5819
2017-03-23,10365,2700,5822
2017-03-24,10391,2702,5826
2017-03-25,10394,2703,5830
2017-03-26,10399,2705,5840
2017-03-27,10409,2705,5849
2017-03-28,10417,2708,5855
2017-03-29,10427,2708,5860
2017-03-30,10437,2709,5871
2017-03-31,10442,2711,5874
2017-04-01,10444,2711,5875
2017-04-02,10456,2714,5876
2017-04-03,10468,2714,5880
2017-04-04,10474,2715,5887
2017-04-05,10478,2715,5893
2017-04-06,10483,2715,5895
2017-04-07,10500,2717,5901
2017-04-08,10502,2718,5903
2017-04-09,10502,2718,5903
2017-04-10,10518,2719,5909
2017-04-11,10521,2720,5920
2017-04-12,10523,2720,5928
2017-04-13,10535,2721,5933
2017-04-14,10539,2724,5939
2017-04-15,10539,2724,5939
2017-04-16,10539,2724,5939
2017-04-17,10546,2724,5943
2017-04-18,10552,2724,5948
2017-04-19,10563,2725,5954
2017-04-20,10579,2727,5961
2017-04-21,10587,2728,5968
2017-04-22,10589,2729,5970
2017-04-23,10591,2731,5973
2017-04-24,10591,2731,5973
2017-04-25,10597,2731,5980
2017-04-26,10602,2731,5985
2017-04-27,10603,2734,5989
2017-04-28,10610,2736,5993
2017-04-29,10610,2736,5993
2017-04-30,10611,2737,5995
2017-05-01,10616,2738,6001
2017-05-02,10626,2741,6007
2017-05-03,10645,2745,6016
2017-05-04,10653,2746,6021
2017-05-05,10662,2746,6026
2017-05-06,10666,2747,6026
2017-05-07,10667,2747,6029
2017-05-08,10671,2750,6037
2017-05-09,10681,2751,6044
2017-05-10,10697,2751,6048
2017-05-11,10705,2752,6050
2017-05-12,10707,2754,6051
2017-05-13,10708,2755,6051
2017-05-14,10709,2758,6052
2017-05-15,10712,2761,6056
2017-05-16,10719,2762,6060
2017-05-17,10729,2764,6063
2017-05-18,10734,2764,6070
2017-05-19,10738,2765,6076
2017-05-20,10738,2765,6076
2017-05-21,10738,2765,6076
2017-05-22,10742,2767,6080
2017-05-23,10746,2767,6081
2017-05-24,10750,2767,6084
2017-05-25,10754,2770,6087
2017-05-26,10764,2770,6093
2017-05-27,10766,2773,6098
2017-05-28,10767,2773,6099
2017-05-29,10768,2775,6100
2017-05-30,10772,2775,6105
2017-05-31,10777,2781,6110
2017-06-01,10806,2785,6119
2017-06-02,10809,2787,6124
2017-06-03,10812,2787,6132
2017-06-04,10813,2789,6134
2017-06-05,10844,2789,6141
2017-06-06,10859,2790,6148
2017-06-07,10876,2790,6154
2017-06-08,10886,2790,6163
2017-06-09,10898,2791,6169
2017-06-10,10901,2792,6170
2017-06-11,10903,2794,6173
2017-06-12,10911,2794,6175
2017-06-13,10912,2794,6179
2017-06-14,10921,2795,6188
2017-06-15,10923,2799,6196
2017-06-16,10925,2805,6199
2017-06-17,10925,2805,6199
2017-06-18,10928,2808,6201
2017-06-19,10930,2809,6207
2017-06-20,10932,2809,6210
2017-06-21,10933,2813,6213
2017-06-22,10948,2813,6218
2017-06-23,10950,2814,6224
2017-06-24,10950,2814,6224
2017-06-25,10951,2814,6225
2017-06-26,10958,2816,6227
2017-06-27,10982,2818,6236
2017-06-28,10985,2820,6246
2017-06-29,11000,2821,6254
2017-06-30,11006,2822,6257
2017-07-01,11007,2822,6257
2017-07-02,11010,2824,6259
2017-07-03,11011,2832,6265
2017-07-04,11015,2833,6271
2017-07-05,11019,2835,6277
2017-07-06,11023,2837,6280
2017-07-07,11034,2838,6292
2017-07-08,11048,2838,6298
2017-07-09,11050,2839,6301
2017-07-10,11052,2840,6306
2017-07-11,11059,2843,6314
2017-07-12,11064,2845,6324
2017-07-13,11072,2847,6330
2017-07-14,11075,2849,6338
2017-07-15,11093,2850,6345
2017-07-16,11097,2850,6354
2017-07-17,11128,2854,6361
2017-07-18,11134,2857,6372
2017-07-19,11137,2857,6382
2017-07-20,11148,2858,6385
2017-07-21,11152,2860,6396
2017-07-22,11153,2865,6400
2017-07-23,11154,2865,6402
2017-07-24,11156,2867,6406
2017-07-25,11162,2869,6409
2017-07-26,11164,2871,6418
2017-07-27,11171,2872,6420
2017-07-28,11179,2874,6424
2017-07-29,11179,2874,6424
2017-07-30,11180,2876,6427
2017-07-31,11183,2879,6433
2017-08-01,11189,2881,6438
2017-08-02,11194,2882,6441
2017-08-03,11196,2885,6444
2017-08-04,11201,2886,6447
2017-08-05,11204,2889,6450
2017-08-06,11205,2889,6451
2017-08-07,11215,2890,6457
2017-08-08,11218,2890,6462
2017-08-09,11224,2892,6466
2017-08-10,11231,2892,6475
2017-08-11,11232,2894,6479
2017-08-12,11236,2897,6480
2017-08-13,11237,2899,6482
2017-08-14,11252,2901,6488
2017-08-15,11259,2903,6493
2017-08-16,11265,2909,6501
2017-08-17,11271,2911,6509
2017-08-18,11274,2913,6517
2017-08-19,11276,2915,6520
2017-08-20,11278,2915,6523
2017-08-21,11279,2918,6526
2017-08-22,11281,2919,6533
2017-08-23,11286,2922,6538
2017-08-24,11289,2924,6541
2017-08-25,11299,2929,6555
2017-08-26,11303,2935,6564
2017-08-27,11306,2937,6565
2017-08-28,11317,2940,6573
2017-08-29,11318,2942,6579
2017-08-30,11321,2943,6582
2017-08-31,11324,2945,6589
2017-09-01,11331,2948,6593
2017-09-02,11332,2950,6596
2017-09-03,11334,2951,6600
2017-09-04,11336,2951,6603
2017-09-05,11348,2957,6614
2017-09-06,11372,2960,6621
2017-09-07,11398,2966,6634
2017-09-08,11401,2969,6642
2017-09-09,11402,2970,6643
2017-09-10,11403,2971,6645
2017-09-11,11411,2973,6648
2017-09-12,11420,2975,6655
2017-09-13,11427,2980,6660
2017-09-14,11432,2981,6666
2017-09-15,11436,2983,6676
2017-09-16,11438,2987,6682
2017-09-17,11438,2987,6682
2017-09-18,11443,2988,6683
2017-09-19,11446,2990,6688
2017-09-20,11451,2993,6690
2017-09-21,11458,2995,6693
2017-09-22,11461,2995,6696
2017-09-23,11463,2996,6698
2017-09-24,11465,2997,6700
2017-09-25,11466,2998,6707
2017-09-26,11471,2999,6712
2017-09-27,11475,3000,6713
2017-09-28,11484,3000,6717
2017-09-29,11494,3001,6725
2017-09-30,11496,3003,6731
2017-10-01,11498,3003,6733
2017-10-02,11507,3004,6737
2017-10-03,11513,3005,6743
2017-10-04,11518,3008,6744
2017-10-05,11523,3010,6747
2017-10-06,11523,3010,6747
2017-10-07,11526,3013,6748
2017-10-08,11526,3013,6748
2017-10-09,11533,3015,6754
2017-10-10,11540,3016,6757
2017-10-11,11545,3017,6766
2017-10-12,11548,3017,6770
2017-10-13,11569,3017,6773
2017-10-14,11571,3017,6776
2017-10-15,11572,3022,6776
2017-10-16,11574,3023,6782
2017-10-17,11581,3023,6788
2017-10-18,11593,3025,6789
2017-10-19,11598,3025,6798
2017-10-20,11603,3026,6805
2017-10-21,11605,3029,6809
2017-10-22,11605,3029,6809
2017-10-23,11606,3031,6810
2017-10-24,11608,3032,6812
2017-10-25,11610,3033,6817
2017-10-26,11617,3036,6820
2017-10-27,11618,3036,6820
2017-10-28,11619,3036,6822
2017-10-29,11620,3039,6824
2017-10-30,11623,3040,6830
2017-10-31,11630,3043,6832
2017-11-01,11634,3044,6835
2017-11-02,11639,3044,6840
2017-11-03,11641,3046,6843
2017-11-04,11642,3048,6846
2017-11-05,11643,3051,6848
2017-11-06,11647,3051,6858
2017-11-07,11660,3053,6863
2017-11-08,11668,3057,6870
2017-11-09,11688,3059,6876
2017-11-10,11700,3060,6881
2017-11-11,11704,3063,6885
2017-11-12,11705,3067,6888
2017-11-13,11709,3069,6891
2017-11-14,11713,3072,6899
2017-11-15,11725,3075,6906
2017-11-16,11734,3076,6911
2017-11-17,11750,3077,6915
2017-11-18,11756,3086,6919
2017-11-19,11757,3088,6922
2017-11-20,11761,3091,6930
2017-11-21,11765,3092,6935
2017-11-22,11768,3093,6941
2017-11-23,11771,3096,6944
2017-11-24,11771,3096,6944
2017-11-25,11771,3096,6944
2017-11-26,11771,3096,6944
2017-11-27,11772,3100,6951
2017-11-28,11777,3102,6953
2017-11-29,11785,3104,6959
2017-11-30,11790,3107,6968
2017-12-01,11794,3113,6971
2017-12-02,11794,3113,6971
2017-12-03,11794,3113,6971
2017-12-04,11800,3116,6971
2017-12-05,11809,3122,6977
2017-12-06,11812,3124,6980
2017-12-07,11818,3127,6984
2017-12-08,11819,3131,6988
2017-12-09,11820,3131,6989
2017-12-10,11822,3131,6990
2017-12-11,11830,3134,6996
2017-12-12,11837,3138,7004
2017-12-13,11844,3142,7007
2017-12-14,11847,3150,7011
2017-12-15,11850,3153,7018
2017-12-16,11852,3153,7021
2017-12-17,11853,3158,7024
2017-12-18,11855,3161,7027
2017-12-19,11870,3168,7033
2017-12-20,11881,3174,7038
2017-12-21,11884,3177,7043
2017-12-22,11887,3180,7049
2017-12-23,11889,3184,7052
2017-12-24,11893,3188,7054
2017-12-25,11893,3188,7054
2017-12-26,11898,3191,7058
2017-12-27,11898,3191,7058
2017-12-28,11899,3194,7061
2017-12-29,11902,3196,7064
2017-12-30,11903,3200,7066
2017-12-31,11903,3201,7068
2018-01-01,11903,3201,7068
2018-01-02,11906,3201,7072
2018-01-03,11915,3201,7075
2018-01-04,11917,3206,7079
2018-01-05,11921,3206,7082
2018-01-06,11922,3208,7084
2018-01-07,11923,3212,7085
2018-01-08,11930,3216,7091
2018-01-09,11941,3218,7099
2018-01-10,11941,3218,7099
2018-01-11,11945,3222,7109
2018-01-12,11949,3225,7114
2018-01-13,11951,3227,7115
2018-01-14,11951,3227,7115
2018-01-15,11953,3230,7120
2018-01-16,11961,3233,7125
2018-01-17,11964,3234,7131
2018-01-18,11967,3236,7137
2018-01-19,11974,3240,7140
2018-01-20,11974,3240,7140
2018-01-21,11974,3240,7140
2018-01-22,11975,3243,7142
2018-01-23,11980,3246,7147
2018-01-24,12005,3249,7155
2018-01-25,12015,3252,7160
2018-01-26,12015,3252,7160
2018-01-27,12015,3252,7160
2018-01-28,12017,3255,7165
2018-01-29,12031,3256,7171
2018-01-30,12041,3257,7177
2018-01-31,12045,3263,7183
2018-02-01,12049,3265,7190
2018-02-02,12055,3271,7194
2018-02-03,12056,3274,7196
2018-02-04,12056,3274,7196
2018-02-05,12061,3276,7202
2018-02-06,12071,3281,7206
2018-02-07,12075,3283,7211
2018-02-08,12089,3290,7216
2018-02-09,12095,3295,7219
2018-02-10,12098,3296,7224
2018-02-11,12101,3297,7227
2018-02-12,12103,3300,7230
2018-02-13,12108,3302,7237
2018-02-14,12115,3303,7243
2018-02-15,12131,3306,7249
2018-02-16,12143,3316,7260
2018-02-17,12148,3320,7264
2018-02-18,12149,3321,7266
2018-02-19,12150,3323,7268
2018-02-20,12159,3325,7278
2018-02-21,12160,3332,7280
2018-02-22,12164,3333,7284
2018-02-23,12165,3337,7288
2018-02-24,12165,3337,7288
2018-02-25,12167,3340,7289
2018-02-26,12172,3346,7296
2018-02-27,12179,3349,7308
2018-02-28,12181,3350,7313
2018-03-01,12191,3356,7317
2018-03-02,12193,3356,7321
2018-03-03,12198,3359,7325
2018-03-04,12198,3359,7325
2018-03-05,12204,3362,7330
2018-03-06,12229,3366,7344
2018-03-07,12239,3369,7353
2018-03-08,12241,3373,7359
2018-03-09,12244,3376,7363
2018-03-10,12249,3379,7368
2018-03-11,12255,3380,7370
2018-03-12,12255,3380,7370
2018-03-13,12269,3380,7373
2018-03-14,12273,3382,7378
2018-03-15,12281,3386,7385
2018-03-16,12285,3388,7392
2018-03-17,12287,3388,7394
2018-03-18,12293,3388,7402
2018-03-19,12310,3392,7407
2018-03-20,12312,3397,7411
2018-03-21,12324,3401,7421
2018-03-22,12332,3404,7426
2018-03-23,12335,3406,7435
2018-03-24,12338,3407,7437
2018-03-25,12343,3409,7441
2018-03-26,12364,3412,7455
2018-03-27,12369,3413,7461
2018-03-28,12386,3419,7471
2018-03-29,12391,3423,7478
2018-03-30,12393,3427,7485
2018-03-31,12395,3429,7486
2018-04-01,12396,3429,7490
2018-04-02,12405,3433,7496
2018-04-03,12414,3438,7501
2018-04-04,12437,3442,7508
2018-04-05,12453,3442,7517
2018-04-06,12459,3443,7522
2018-04-07,12467,3444,7524
2018-04-08,12473,3446,7528
2018-04-09,12488,3446,7535
2018-04-10,12495,3446,7542
2018-04-11,12522,3451,7555
2018-04-12,12527,3456,7565
2018-04-13,12549,3459,7573
2018-04-14,12551,3459,7576
2018-04-15,12551,3459,7576
2018-04-16,12563,3462,7582
2018-04-17,12574,3464,7588
2018-04-18,12581,3464,7598
2018-04-19,12591,3465,7604
2018-04-20,12602,3468,7614
2018-04-21,12603,3468,7616
2018-04-22,12605,3469,7618
2018-04-23,12610,3470,7627
2018-04-24,12613,3470,7631
2018-04-25,12634,3471,7645
2018-04-26,12638,3476,7656
2018-04-27,12647,3479,7659
2018-04-28,12647,3479,7659
2018-04-29,12656,3480,7666
2018-04-30,12661,3483,7675
2018-05-01,12667,3485,7684
2018-05-02,12679,3488,7691
2018-05-03,12690,3489,7698
2018-05-04,12698,3490,7700
2018-05-05,12703,3490,7701
2018-05-06,12705,3490,7704
2018-05-07,12709,3492,7708
2018-05-08,12714,3492,7714
2018-05-09,12724,3492,7725
2018-05-10,12727,3493,7729
2018-05-11,12728,3496,7732
2018-05-12,12736,3496,7736
2018-05-13,12739,3499,7738
2018-05-14,12740,3500,7742
2018-05-15,12746,3503,7747
2018-05-16,12757,3505,7754
2018-05-17,12767,3509,7765
2018-05-18,12770,3514,7773
2018-05-19,12775,3515,7776
2018-05-20,12777,3519,7778
2018-05-21,12780,3522,7785
2018-05-22,12788,3524,7790
2018-05-23,12792,3525,7796
2018-05-24,12795,3525,7797
2018-05-25,12799,3525,7798
2018-05-26,12799,3525,7798
2018-05-27,12799,3525,7798
2018-05-28,12799,3525,7798
2018-05-29,12808,3527,7801
2018-05-30,12819,3528,7808
2018-05-31,12824,3531,7812
2018-06-01,12826,3536,7818
2018-06-02,12831,3536,7822
2018-06-03,12832,3539,7828
2018-06-04,12836,3540,7835
2018-06-05,12846,3544,7840
2018-06-06,12854,3545,7844
2018-06-07,12854,3545,7844
2018-06-08,12857,3545,7851
2018-06-09,12857,3545,7851
2018-06-10,12859,3546,7852
2018-06-11,12875,3549,7864
2018-06-12,12886,3549,7874
2018-06-13,12890,3551,7883
2018-06-14,12896,3553,7888
2018-06-15,12901,3556,7892
2018-06-16,12901,3556,7892
2018-06-17,12903,3557,7894
2018-06-18,12922,3559,7903
2018-06-19,12926,3563,7906
2018-06-20,12929,3565,7907
2018-06-21,12931,3568,7912
2018-06-22,12934,3571,7913
2018-06-23,12935,3572,7915
2018-06-24,12941,3572,7920
2018-06-25,12947,3573,7925
2018-06-26,12951,3574,7925
2018-06-27,12958,3577,7937
2018-06-28,12966,3580,7946
2018-06-29,12976,3581,7948
2018-06-30,12978,3582,7954
2018-07-01,12979,3584,7958
2018-07-02,12982,3585,7962
2018-07-03,12983,3587,7962
2018-07-04,12987,3590,7964
2018-07-05,12991,3593,7965
2018-07-06,12992,3595,7968
2018-07-07,12995,3596,7973
2018-07-08,13001,3596,7976
2018-07-09,13006,3596,7979
2018-07-10,13011,3597,7985
2018-07-11,13017,3599,7993
2018-07-12,13028,3602,8004
2018-07-13,13040,3603,8010
2018-07-14,13045,3604,8014
2018-07-15,13051,3605,8021
2018-07-16,13059,3607,8027
2018-07-17,13067,3610,8040
2018-07-18,13075,3613,8045
2018-07-19,13084,3613,8056
2018-07-20,13091,3613,8065
2018-07-21,13096,3616,8068
2018-07-22,13099,3619,8073
2018-07-23,13102,3621,8075
2018-07-24,13121,3624,8078
2018-07-25,13124,3627,8081
2018-07-26,13128,3629,8093
2018-07-27,13144,3630,8099
2018-07-28,13144,3630,8099
2018-07-29,13149,3630,8105
2018-07-30,13168,3634,8115
2018-07-31,13172,3637,8124
2018-08-01,13177,3643,8134
2018-08-02,13188,3645,8143
2018-08-03,13202,3648,8152
2018-08-04,13204,3651,8159
2018-08-05,13204,3651,8159
2018-08-06,13209,3651,8169
2018-08-07,13213,3655,8173
2018-08-08,13220,3655,8185
2018-08-09,13232,3658,8194
2018-08-10,13239,3661,8198
2018-08-11,13243,3662,8202
2018-08-12,13245,3662,8205
2018-08-13,13270,3665,8213
2018-08-14,13280,3667,8224
2018-08-15,13283,3670,8230
2018-08-16,13284,3671,8234
2018-08-17,13286,3672,8241
2018-08-18,13286,3672,8241
2018-08-19,13286,3672,8241
2018-08-20,13291,3673,8246
2018-08-21,13295,3674,8252
2018-08-22,13296,3674,8260
2018-08-23,13303,3674,8269
2018-08-24,13309,3681,8282
2018-08-25,13325,3683,8285
2018-08-26,13331,3686,8293
2018-08-27,13355,3688,8302
2018-08-28,13362,3689,8309
2018-08-29,13370,3689,8312
2018-08-30,13379,3692,8319
2018-08-31,13386,3694,8326
2018-09-01,13387,3695,8328
2018-09-02,13390,3697,8331
2018-09-03,13394,3699,8335
2018-09-04,13397,3702,8341
2018-09-05,13403,3702,8346
2018-09-06,13406,3703,8353
2018-09-07,13410,3705,8356
2018-09-08,13410,3705,8356
2018-09-09,13412,3708,8362
2018-09-10,13419,3709,8372
2018-09-11,13424,3711,8377
2018-09-12,13426,3712,8386
2018-09-13,13434,3713,8391
2018-09-14,13434,3713,8391
2018-09-15,13435,3713,8398
2018-09-16,13437,3715,8401
2018-09-17,13441,3716,8414
2018-09-18,13442,3718,8424
2018-09-19,13443,3719,8432
2018-09-20,13444,3723,8437
2018-09-21,13445,3725,8443
